date,time,latitude,longitude,elevation,heart_rate
2018-8-17,2:52:36,37.8045600,-122.4234320,38.2,77
2018-8-17,2:52:37,37.8045560,-122.4234440,38.4,78
2018-8-17,2:52:38,37.8045500,-122.4234660,38.8,79
2018-8-17,2:52:45,37.8044630,-122.4236930,37.6,81
2018-8-17,2:52:47,37.8044390,-122.4237550,37.8,87
2018-8-17,2:52:48,37.8044310,-122.4237890,37.6,91
2018-8-17,2:52:50,37.8044160,-122.4238580,37.6,96
2018-8-17,2:52:52,37.8043940,-122.4239300,37.6,99
2018-8-17,2:52:53,37.8043860,-122.4239670,37.4,101
2018-8-17,2:52:54,37.8043800,-122.4240030,37.2,107
2018-8-17,2:52:55,37.8043740,-122.4240410,37.4,112
2018-8-17,2:52:58,37.8043560,-122.4241520,37.2,115
2018-8-17,2:53:5,37.8043210,-122.4244010,36.8,116
2018-8-17,2:53:8,37.8042980,-122.4245040,36.0,117
2018-8-17,2:53:15,37.8042220,-122.4247540,36.4,118
2018-8-17,2:53:21,37.8041690,-122.4250160,36.2,118
2018-8-17,2:53:26,37.8041340,-122.4252660,36.4,120
2018-8-17,2:53:31,37.8041790,-122.4254690,36.2,123
2018-8-17,2:53:34,37.8042560,-122.4255290,36.2,126
2018-8-17,2:53:38,37.8043640,-122.4256020,35.8,129
2018-8-17,2:53:41,37.8044490,-122.4256250,37.2,130
2018-8-17,2:53:47,37.8046140,-122.4256640,36.8,133
2018-8-17,2:53:53,37.8047740,-122.4256800,37.2,136
2018-8-17,2:54:0,37.8049580,-122.4257340,38.0,137
2018-8-17,2:54:7,37.8051170,-122.4257810,38.4,136
2018-8-17,2:54:15,37.8052810,-122.4259180,38.6,136
2018-8-17,2:54:22,37.8054070,-122.4261090,38.6,138
2018-8-17,2:54:25,37.8054530,-122.4261910,38.6,135
2018-8-17,2:54:32,37.8055190,-122.4264150,38.8,134
2018-8-17,2:54:39,37.8054960,-122.4266450,39.0,135
2018-8-17,2:54:46,37.8054250,-122.4268800,39.2,135
2018-8-17,2:54:54,37.8053490,-122.4271180,38.8,135
2018-8-17,2:55:1,37.8053140,-122.4273670,38.0,133
2018-8-17,2:55:8,37.8052680,-122.4275980,37.6,134
2018-8-17,2:55:11,37.8052500,-122.4277000,37.0,134
2018-8-17,2:55:13,37.8052440,-122.4277700,35.4,133
2018-8-17,2:55:20,37.8052280,-122.4280390,35.4,133
2018-8-17,2:55:27,37.8051730,-122.4282670,35.0,133
2018-8-17,2:55:28,37.8051630,-122.4282980,34.2,132
2018-8-17,2:55:35,37.8051430,-122.4285410,34.0,131
2018-8-17,2:55:40,37.8051390,-122.4287170,33.2,131
2018-8-17,2:55:43,37.8051320,-122.4288310,32.2,130
2018-8-17,2:55:50,37.8051640,-122.4290710,32.4,132
2018-8-17,2:55:52,37.8051820,-122.4291280,32.6,130
2018-8-17,2:55:58,37.8052820,-122.4293370,30.8,128
2018-8-17,2:56:4,37.8054250,-122.4294900,29.6,130
2018-8-17,2:56:11,37.8056130,-122.4296000,28.6,130
2018-8-17,2:56:12,37.8056360,-122.4296190,28.6,131
2018-8-17,2:56:19,37.8057640,-122.4298160,29.0,129
2018-8-17,2:56:24,37.8057420,-122.4299450,29.6,129
2018-8-17,2:56:31,37.8056040,-122.4301090,29.6,130
2018-8-17,2:56:38,37.8054310,-122.4302310,28.6,132
2018-8-17,2:56:45,37.8053320,-122.4304370,27.4,133
2018-8-17,2:56:48,37.8053020,-122.4305280,26.4,134
2018-8-17,2:56:50,37.8052880,-122.4305970,25.2,133
2018-8-17,2:56:53,37.8052520,-122.4306850,26.2,132
2018-8-17,2:57:0,37.8051630,-122.4309230,25.8,131
2018-8-17,2:57:6,37.8050400,-122.4310940,25.0,132
2018-8-17,2:57:8,37.8049960,-122.4311310,25.0,132
2018-8-17,2:57:15,37.8048250,-122.4312440,24.2,133
2018-8-17,2:57:16,37.8048080,-122.4312700,23.6,133
2018-8-17,2:57:20,37.8047560,-122.4314020,22.6,135
2018-8-17,2:57:25,37.8047610,-122.4315940,21.2,135
2018-8-17,2:57:27,37.8047870,-122.4316800,20.0,135
2018-8-17,2:57:30,37.8048300,-122.4317940,19.2,132
2018-8-17,2:57:31,37.8048550,-122.4318320,18.6,133
2018-8-17,2:57:35,37.8049600,-122.4319580,17.2,133
2018-8-17,2:57:39,37.8050620,-122.4320680,16.6,130
2018-8-17,2:57:43,37.8051760,-122.4321110,16.2,127
2018-8-17,2:57:48,37.8052780,-122.4322390,15.0,130
2018-8-17,2:57:55,37.8053850,-122.4324630,15.6,130
2018-8-17,2:58:1,37.8055060,-122.4326360,14.4,130
2018-8-17,2:58:2,37.8055290,-122.4326660,13.8,130
2018-8-17,2:58:4,37.8055690,-122.4327210,13.4,130
2018-8-17,2:58:11,37.8055780,-122.4329460,14.0,132
2018-8-17,2:58:18,37.8055250,-122.4331760,13.8,135
2018-8-17,2:58:25,37.8054780,-122.4333940,13.4,139
2018-8-17,2:58:32,37.8054330,-122.4336250,13.8,141
2018-8-17,2:58:39,37.8054460,-122.4338730,13.6,142
2018-8-17,2:58:46,37.8055870,-122.4340590,13.0,141
2018-8-17,2:58:49,37.8056820,-122.4340880,12.6,141
2018-8-17,2:58:55,37.8058790,-122.4341060,13.4,140
2018-8-17,2:59:1,37.8060850,-122.4341330,13.2,141
2018-8-17,2:59:7,37.8062740,-122.4341610,13.0,143
2018-8-17,2:59:14,37.8064740,-122.4342000,12.6,143
2018-8-17,2:59:22,37.8066810,-122.4342490,13.0,144
2018-8-17,2:59:26,37.8067920,-122.4342660,12.6,148
2018-8-17,2:59:29,37.8068660,-122.4342910,12.6,148
2018-8-17,2:59:30,37.8068850,-122.4343120,12.8,145
2018-8-17,2:59:37,37.8069140,-122.4345330,12.6,143
2018-8-17,2:59:44,37.8068740,-122.4347750,12.8,142
2018-8-17,2:59:51,37.8068000,-122.4350110,12.8,141
2018-8-17,2:59:58,37.8067540,-122.4352520,12.8,143
2018-8-17,3:0:5,37.8067180,-122.4354970,13.2,142
2018-8-17,3:0:12,37.8067250,-122.4357470,12.8,144
2018-8-17,3:0:13,37.8067480,-122.4357720,12.2,143
2018-8-17,3:0:19,37.8069390,-122.4358320,12.2,144
2018-8-17,3:0:25,37.8071260,-122.4358380,12.2,143
2018-8-17,3:0:31,37.8073090,-122.4358750,12.4,144
2018-8-17,3:0:34,37.8073960,-122.4358930,13.6,142
2018-8-17,3:0:35,37.8074270,-122.4359020,13.8,142
2018-8-17,3:0:37,37.8074730,-122.4359420,13.4,142
2018-8-17,3:0:38,37.8074910,-122.4359780,12.2,142
2018-8-17,3:0:44,37.8075010,-122.4362160,13.0,144
2018-8-17,3:0:48,37.8074560,-122.4363730,12.8,147
2018-8-17,3:0:54,37.8073980,-122.4366200,13.2,150
2018-8-17,3:0:57,37.8073720,-122.4367490,13.4,151
2018-8-17,3:1:3,37.8073260,-122.4369940,13.6,155
2018-8-17,3:1:9,37.8072820,-122.4372530,13.4,157
2018-8-17,3:1:15,37.8072290,-122.4374910,12.6,155
2018-8-17,3:1:21,37.8071710,-122.4377340,13.2,156
2018-8-17,3:1:27,37.8070890,-122.4379410,12.6,156
2018-8-17,3:1:29,37.8071190,-122.4380340,12.2,157
2018-8-17,3:1:35,37.8071680,-122.4382720,13.2,157
2018-8-17,3:1:41,37.8071240,-122.4385160,13.2,157
2018-8-17,3:1:47,37.8070810,-122.4387570,13.2,158
2018-8-17,3:1:53,37.8070290,-122.4390000,13.0,159
2018-8-17,3:1:59,37.8069980,-122.4392470,13.2,159
2018-8-17,3:2:5,37.8069570,-122.4394880,13.4,158
2018-8-17,3:2:11,37.8069340,-122.4397420,13.4,160
2018-8-17,3:2:17,37.8068990,-122.4399900,13.0,160
2018-8-17,3:2:23,37.8068820,-122.4402500,12.8,162
2018-8-17,3:2:29,37.8068290,-122.4404880,12.6,160
2018-8-17,3:2:35,37.8067880,-122.4407430,13.0,160
2018-8-17,3:2:41,37.8067370,-122.4409920,12.6,161
2018-8-17,3:2:43,37.8067320,-122.4410800,12.4,161
2018-8-17,3:2:49,37.8067050,-122.4413200,12.8,161
2018-8-17,3:2:55,37.8066650,-122.4415750,12.6,162
2018-8-17,3:3:1,37.8066400,-122.4418340,12.6,164
2018-8-17,3:3:7,37.8066260,-122.4420930,12.8,164
2018-8-17,3:3:13,37.8065690,-122.4423270,13.0,164
2018-8-17,3:3:19,37.8064970,-122.4425460,12.8,163
2018-8-17,3:3:21,37.8064530,-122.4425860,12.6,163
2018-8-17,3:3:25,37.8063430,-122.4425430,13.6,164
2018-8-17,3:3:32,37.8061620,-122.4424060,13.6,164
2018-8-17,3:3:38,37.8059800,-122.4423630,13.0,165
2018-8-17,3:3:42,37.8058770,-122.4424700,12.6,164
2018-8-17,3:3:47,37.8058300,-122.4427080,12.4,165
2018-8-17,3:3:52,37.8057860,-122.4429410,12.4,166
2018-8-17,3:3:57,37.8057340,-122.4431680,12.6,166
2018-8-17,3:4:3,37.8056790,-122.4434320,12.4,166
2018-8-17,3:4:9,37.8056330,-122.4436900,12.0,166
2018-8-17,3:4:15,37.8055940,-122.4439350,12.2,167
2018-8-17,3:4:18,37.8055790,-122.4440690,11.6,168
2018-8-17,3:4:24,37.8055670,-122.4443110,12.4,167
2018-8-17,3:4:30,37.8055420,-122.4445540,12.4,167
2018-8-17,3:4:31,37.8055350,-122.4445920,12.6,167
2018-8-17,3:4:37,37.8055060,-122.4448500,12.0,168
2018-8-17,3:4:43,37.8054480,-122.4451100,12.4,168
2018-8-17,3:4:49,37.8054270,-122.4453770,12.8,169
2018-8-17,3:4:55,37.8053880,-122.4456190,12.8,169
2018-8-17,3:5:1,37.8053680,-122.4458690,12.6,170
2018-8-17,3:5:7,37.8053470,-122.4461220,12.6,170
2018-8-17,3:5:13,37.8053200,-122.4463750,12.4,170
2018-8-17,3:5:19,37.8052860,-122.4466050,12.2,170
2018-8-17,3:5:25,37.8052450,-122.4468730,12.4,169
2018-8-17,3:5:31,37.8052050,-122.4471320,12.6,169
2018-8-17,3:5:37,37.8052130,-122.4474010,12.4,169
2018-8-17,3:5:39,37.8052760,-122.4474640,12.0,170
2018-8-17,3:5:43,37.8054630,-122.4474980,12.0,170
2018-8-17,3:5:48,37.8056740,-122.4475430,12.2,170
2018-8-17,3:5:53,37.8058630,-122.4475950,12.4,169
2018-8-17,3:5:58,37.8060300,-122.4476830,12.6,169
2018-8-17,3:6:4,37.8061730,-122.4478730,12.6,169
2018-8-17,3:6:10,37.8062670,-122.4480870,12.4,169
2018-8-17,3:6:16,37.8063940,-122.4482810,12.2,169
2018-8-17,3:6:22,37.8064900,-122.4484800,12.8,170
2018-8-17,3:6:28,37.8064690,-122.4487090,13.2,169
2018-8-17,3:6:30,37.8064680,-122.4487900,13.0,166
2018-8-17,3:6:34,37.8064470,-122.4489520,12.8,162
2018-8-17,3:6:40,37.8063800,-122.4491630,13.0,164
2018-8-17,3:6:46,37.8062870,-122.4493870,12.8,167
2018-8-17,3:6:52,37.8062060,-122.4496230,12.6,168
2018-8-17,3:6:58,37.8061560,-122.4498790,12.2,169
2018-8-17,3:7:4,37.8061360,-122.4501310,12.4,170
2018-8-17,3:7:10,37.8060980,-122.4503640,12.6,170
2018-8-17,3:7:16,37.8060630,-122.4506030,12.6,170
2018-8-17,3:7:22,37.8060320,-122.4508530,13.2,171
2018-8-17,3:7:28,37.8060160,-122.4511030,12.4,170
2018-8-17,3:7:34,37.8059900,-122.4513440,12.4,171
2018-8-17,3:7:40,37.8059790,-122.4515960,12.6,171
2018-8-17,3:7:46,37.8059510,-122.4518540,12.2,171
2018-8-17,3:7:48,37.8059390,-122.4519400,11.8,170
2018-8-17,3:7:51,37.8059340,-122.4520350,11.2,170
2018-8-17,3:7:54,37.8059450,-122.4520750,13.0,170
2018-8-17,3:7:56,37.8059570,-122.4520890,13.8,168
2018-8-17,3:7:59,37.8059690,-122.4521210,14.0,166
2018-8-17,3:8:4,37.8059820,-122.4521800,12.8,164
2018-8-17,3:8:10,37.8059760,-122.4522620,11.8,163
2018-8-17,3:8:16,37.8059650,-122.4523330,11.4,159
2018-8-17,3:8:21,37.8059570,-122.4524000,13.8,156
2018-8-17,3:8:24,37.8059530,-122.4524410,14.8,153
2018-8-17,3:8:26,37.8059500,-122.4524710,14.8,151
2018-8-17,3:8:30,37.8059510,-122.4525250,13.6,150
2018-8-17,3:8:34,37.8059510,-122.4525810,13.0,146
2018-8-17,3:8:35,37.8059500,-122.4525970,11.8,146
2018-8-17,3:8:37,37.8059490,-122.4526260,11.0,143
2018-8-17,3:8:38,37.8059470,-122.4526380,10.4,142
2018-8-17,3:8:41,37.8059340,-122.4526800,10.2,138
2018-8-17,3:8:56,37.8058790,-122.4528860,11.0,133
2018-8-17,3:8:57,37.8058750,-122.4529000,11.6,133
2018-8-17,3:9:0,37.8058580,-122.4529360,11.0,129
2018-8-17,3:9:4,37.8058330,-122.4529880,11.4,126
2018-8-17,3:9:13,37.8057900,-122.4530960,11.2,123
2018-8-17,3:9:17,37.8057610,-122.4531430,10.6,120
2018-8-17,3:9:33,37.8056880,-122.4533610,11.0,119
2018-8-17,3:9:35,37.8056700,-122.4533930,11.2,118
2018-8-17,3:9:37,37.8056480,-122.4534420,11.6,121
2018-8-17,3:9:39,37.8056310,-122.4535090,10.6,124
2018-8-17,3:9:40,37.8056250,-122.4535450,10.2,123
2018-8-17,3:9:43,37.8056100,-122.4536580,10.6,126
2018-8-17,3:9:46,37.8055860,-122.4537820,11.4,129
2018-8-17,3:9:48,37.8055730,-122.4538760,11.6,132
2018-8-17,3:9:51,37.8055530,-122.4540140,11.8,135
2018-8-17,3:9:53,37.8055370,-122.4541010,11.6,138
2018-8-17,3:9:57,37.8055070,-122.4542780,11.6,141
2018-8-17,3:10:0,37.8054800,-122.4544070,11.6,144
2018-8-17,3:10:5,37.8054370,-122.4546310,11.6,147
2018-8-17,3:10:10,37.8054030,-122.4548500,10.8,150
2018-8-17,3:10:14,37.8053730,-122.4550300,12.0,153
2018-8-17,3:10:19,37.8053350,-122.4552480,11.6,156
2018-8-17,3:10:25,37.8052940,-122.4555020,11.6,158
2018-8-17,3:10:31,37.8052680,-122.4557490,11.2,160
2018-8-17,3:10:37,37.8052290,-122.4559940,10.8,162
2018-8-17,3:10:43,37.8051950,-122.4562470,11.2,163
2018-8-17,3:10:49,37.8051610,-122.4564980,11.2,164
2018-8-17,3:10:55,37.8051300,-122.4567390,11.0,165
2018-8-17,3:11:1,37.8051140,-122.4569860,10.2,165
2018-8-17,3:11:7,37.8050720,-122.4572200,11.0,166
2018-8-17,3:11:13,37.8050330,-122.4574630,11.0,166
2018-8-17,3:11:19,37.8049960,-122.4577080,11.0,166
2018-8-17,3:11:25,37.8049620,-122.4579490,11.0,167
2018-8-17,3:11:31,37.8049240,-122.4582090,11.0,168
2018-8-17,3:11:37,37.8048890,-122.4584550,11.0,168
2018-8-17,3:11:43,37.8048530,-122.4587190,11.0,169
2018-8-17,3:11:49,37.8048100,-122.4589690,11.0,169
2018-8-17,3:11:56,37.8047730,-122.4592360,10.6,169
2018-8-17,3:12:3,37.8047330,-122.4594900,11.0,170
2018-8-17,3:12:9,37.8047070,-122.4597440,11.0,170
2018-8-17,3:12:15,37.8046720,-122.4599860,11.2,169
2018-8-17,3:12:21,37.8046510,-122.4602290,11.0,170
2018-8-17,3:12:27,37.8046200,-122.4604620,10.8,170
2018-8-17,3:12:33,37.8045920,-122.4606970,11.2,170
2018-8-17,3:12:39,37.8045650,-122.4609360,10.4,170
2018-8-17,3:12:45,37.8045600,-122.4611760,10.4,170
2018-8-17,3:12:51,37.8045840,-122.4614500,10.6,169
2018-8-17,3:12:57,37.8045990,-122.4616960,10.8,170
2018-8-17,3:13:3,37.8045810,-122.4619380,10.8,171
2018-8-17,3:13:9,37.8045590,-122.4621910,10.8,170
2018-8-17,3:13:15,37.8045320,-122.4624220,10.8,170
2018-8-17,3:13:21,37.8045110,-122.4626650,10.4,170
2018-8-17,3:13:27,37.8045150,-122.4629010,11.2,170
2018-8-17,3:13:31,37.8044980,-122.4630620,11.6,169
2018-8-17,3:13:37,37.8044840,-122.4633030,11.2,168
2018-8-17,3:13:40,37.8044910,-122.4634210,11.0,164
2018-8-17,3:13:43,37.8044930,-122.4635330,10.8,161
2018-8-17,3:13:49,37.8044910,-122.4637670,11.0,162
2018-8-17,3:13:54,37.8044810,-122.4639650,11.2,165
2018-8-17,3:13:58,37.8044750,-122.4641240,11.0,168
2018-8-17,3:14:4,37.8044770,-122.4643670,10.8,170
2018-8-17,3:14:10,37.8044770,-122.4646250,10.8,171
2018-8-17,3:14:16,37.8044830,-122.4648860,10.8,171
2018-8-17,3:14:21,37.8045040,-122.4651040,10.4,171
2018-8-17,3:14:27,37.8045240,-122.4653730,11.2,171
2018-8-17,3:14:33,37.8045820,-122.4656150,11.2,172
2018-8-17,3:14:38,37.8046230,-122.4658390,11.4,172
2018-8-17,3:14:44,37.8046800,-122.4660920,11.4,172
2018-8-17,3:14:50,37.8047330,-122.4663510,11.0,172
2018-8-17,3:14:56,37.8047920,-122.4665940,11.0,173
2018-8-17,3:15:2,37.8048600,-122.4668340,10.8,172
2018-8-17,3:15:8,37.8049770,-122.4670560,10.6,172
2018-8-17,3:15:14,37.8051220,-122.4672380,10.8,173
2018-8-17,3:15:20,37.8052560,-122.4674200,11.2,172
2018-8-17,3:15:26,37.8053730,-122.4676010,10.8,172
2018-8-17,3:15:32,37.8055040,-122.4677870,11.0,171
2018-8-17,3:15:38,37.8056460,-122.4679560,11.2,171
2018-8-17,3:15:44,37.8057770,-122.4681350,11.0,172
2018-8-17,3:15:50,37.8059130,-122.4683160,11.0,172
2018-8-17,3:15:56,37.8060510,-122.4684810,11.0,173
2018-8-17,3:16:2,37.8062140,-122.4686450,11.0,172
2018-8-17,3:16:8,37.8063650,-122.4687890,11.4,172
2018-8-17,3:16:14,37.8065460,-122.4688960,11.2,171
2018-8-17,3:16:20,37.8067410,-122.4689980,11.4,171
2018-8-17,3:16:26,37.8069000,-122.4691100,11.6,171
2018-8-17,3:16:32,37.8070730,-122.4692160,11.6,171
2018-8-17,3:16:39,37.8072490,-122.4693320,11.2,171
2018-8-17,3:16:45,37.8074170,-122.4694590,10.8,172
2018-8-17,3:16:51,37.8075760,-122.4695980,10.8,171
2018-8-17,3:16:57,37.8077280,-122.4697610,11.8,171
2018-8-17,3:17:3,37.8078690,-122.4699140,11.4,171
2018-8-17,3:17:6,37.8079390,-122.4699920,10.8,171
2018-8-17,3:17:12,37.8079910,-122.4700690,11.6,169
2018-8-17,3:17:14,37.8080010,-122.4700810,11.4,169
2018-8-17,3:17:21,37.8080510,-122.4701180,11.6,166
2018-8-17,3:17:28,37.8081130,-122.4701660,10.8,163
2018-8-17,3:17:33,37.8081490,-122.4702040,11.2,160
2018-8-17,3:17:39,37.8081970,-122.4702540,11.2,157
2018-8-17,3:17:42,37.8082140,-122.4702830,11.0,155
2018-8-17,3:17:47,37.8082580,-122.4703330,11.0,152
2018-8-17,3:17:48,37.8082670,-122.4703450,10.8,153
2018-8-17,3:17:52,37.8082940,-122.4704050,10.6,147
2018-8-17,3:17:54,37.8083040,-122.4704290,10.6,145
2018-8-17,3:17:59,37.8083050,-122.4705030,10.8,141
2018-8-17,3:18:3,37.8082950,-122.4705710,11.2,138
2018-8-17,3:18:11,37.8082630,-122.4706840,11.8,135
2018-8-17,3:18:14,37.8082510,-122.4707230,11.6,132
2018-8-17,3:18:16,37.8082520,-122.4707340,11.6,131
2018-8-17,3:18:20,37.8082520,-122.4707400,11.4,128
2018-8-17,3:18:25,37.8082320,-122.4707840,11.2,129
2018-8-17,3:18:26,37.8082230,-122.4707990,11.4,129
2018-8-17,3:18:27,37.8082150,-122.4708150,11.6,130
2018-8-17,3:18:31,37.8082180,-122.4708760,11.2,126
2018-8-17,3:18:35,37.8082370,-122.4709300,11.0,123
2018-8-17,3:18:49,37.8083570,-122.4710990,11.8,123
2018-8-17,3:18:51,37.8083740,-122.4711230,11.6,122
2018-8-17,3:18:53,37.8083850,-122.4711430,12.0,119
2018-8-17,3:19:1,37.8084320,-122.4712440,12.0,116
2018-8-17,3:19:6,37.8084560,-122.4713080,12.0,115
2018-8-17,3:19:11,37.8084840,-122.4713690,12.0,115
2018-8-17,3:19:15,37.8085090,-122.4714260,12.2,114
2018-8-17,3:19:18,37.8085250,-122.4714610,12.4,113
2018-8-17,3:19:19,37.8085340,-122.4714700,12.4,113
2018-8-17,3:19:37,37.8086290,-122.4716610,11.8,112
2018-8-17,3:19:38,37.8086330,-122.4716760,11.8,112
2018-8-17,3:19:49,37.8086860,-122.4718070,12.0,111
2018-8-17,3:19:54,37.8087000,-122.4718720,12.0,114
2018-8-17,3:19:58,37.8087230,-122.4719280,12.0,111
2018-8-17,3:20:2,37.8087320,-122.4719930,12.0,114
2018-8-17,3:20:4,37.8087360,-122.4720520,11.8,115
2018-8-17,3:20:6,37.8087460,-122.4721170,11.8,118
2018-8-17,3:20:8,37.8087690,-122.4721820,11.8,121
2018-8-17,3:20:10,37.8087890,-122.4722520,11.8,123
2018-8-17,3:20:13,37.8088070,-122.4723770,12.4,126
2018-8-17,3:20:16,37.8088350,-122.4725140,12.6,129
2018-8-17,3:20:19,37.8088630,-122.4726470,12.6,132
2018-8-17,3:20:21,37.8088850,-122.4727400,12.6,135
2018-8-17,3:20:25,37.8088960,-122.4729310,12.8,139
2018-8-17,3:20:30,37.8088930,-122.4731530,13.2,143
2018-8-17,3:20:33,37.8089080,-122.4732890,13.2,146
2018-8-17,3:20:37,37.8089300,-122.4734620,13.4,149
2018-8-17,3:20:42,37.8089340,-122.4736700,13.2,152
2018-8-17,3:20:46,37.8089220,-122.4738470,13.4,155
2018-8-17,3:20:52,37.8088950,-122.4741100,13.6,156
2018-8-17,3:20:58,37.8088950,-122.4743710,13.6,158
2018-8-17,3:21:4,37.8089010,-122.4746420,13.8,159
2018-8-17,3:21:10,37.8089260,-122.4749080,13.6,160
2018-8-17,3:21:16,37.8089700,-122.4751540,13.8,162
2018-8-17,3:21:22,37.8090520,-122.4754010,13.8,164
2018-8-17,3:21:27,37.8091480,-122.4755990,13.6,164
2018-8-17,3:21:33,37.8092230,-122.4758270,13.6,165
2018-8-17,3:21:39,37.8093320,-122.4760360,13.2,167
2018-8-17,3:21:45,37.8094590,-122.4762220,13.6,167
2018-8-17,3:21:51,37.8096380,-122.4763320,13.8,167
2018-8-17,3:21:57,37.8098280,-122.4764060,13.4,166
2018-8-17,3:22:0,37.8099090,-122.4764470,13.6,163
2018-8-17,3:22:3,37.8099980,-122.4764810,13.8,160
2018-8-17,3:22:9,37.8102000,-122.4765230,14.2,161
2018-8-17,3:22:15,37.8103900,-122.4765770,14.0,164
2018-8-17,3:22:21,37.8105690,-122.4766270,14.0,165
2018-8-17,3:22:28,37.8107570,-122.4766520,13.4,167
2018-8-17,3:22:29,37.8107600,-122.4766500,13.2,168
2018-8-17,3:22:37,37.8105680,-122.4765760,13.6,167
2018-8-17,3:22:43,37.8103920,-122.4764680,13.8,167
2018-8-17,3:22:49,37.8101960,-122.4763730,13.6,167
2018-8-17,3:22:56,37.8099860,-122.4763140,13.8,166
2018-8-17,3:23:1,37.8098150,-122.4762280,13.8,167
2018-8-17,3:23:7,37.8096300,-122.4761240,13.2,166
2018-8-17,3:23:13,37.8094490,-122.4760080,13.6,167
2018-8-17,3:23:20,37.8093620,-122.4757920,13.6,167
2018-8-17,3:23:26,37.8092960,-122.4755610,13.4,167
2018-8-17,3:23:33,37.8092370,-122.4753140,13.6,167
2018-8-17,3:23:39,37.8092010,-122.4750790,13.2,166
2018-8-17,3:23:46,37.8091370,-122.4748350,13.4,166
2018-8-17,3:23:53,37.8091060,-122.4745800,13.6,165
2018-8-17,3:24:0,37.8090670,-122.4743220,13.6,164
2018-8-17,3:24:7,37.8090490,-122.4740620,13.6,165
2018-8-17,3:24:14,37.8090500,-122.4737960,13.4,165
2018-8-17,3:24:20,37.8090520,-122.4735530,13.0,165
2018-8-17,3:24:26,37.8090430,-122.4733220,13.2,166
2018-8-17,3:24:32,37.8090340,-122.4730710,13.0,166
2018-8-17,3:24:38,37.8090190,-122.4728360,12.6,167
2018-8-17,3:24:39,37.8090170,-122.4727920,12.4,168
2018-8-17,3:24:45,37.8089750,-122.4725460,12.2,169
2018-8-17,3:24:51,37.8089410,-122.4723140,12.0,168
2018-8-17,3:24:57,37.8088940,-122.4720710,11.8,169
2018-8-17,3:25:3,37.8088200,-122.4718400,12.0,169
2018-8-17,3:25:9,37.8087480,-122.4716240,11.4,168
2018-8-17,3:25:15,37.8086380,-122.4714030,11.6,168
2018-8-17,3:25:21,37.8085200,-122.4712120,11.6,167
2018-8-17,3:25:27,37.8084080,-122.4710060,11.6,167
2018-8-17,3:25:33,37.8082910,-122.4708230,11.4,165
2018-8-17,3:25:34,37.8082650,-122.4707970,11.2,166
2018-8-17,3:25:40,37.8080860,-122.4706920,11.2,166
2018-8-17,3:25:46,37.8079060,-122.4706330,11.0,166
2018-8-17,3:25:52,37.8077270,-122.4705480,11.0,165
2018-8-17,3:25:58,37.8075670,-122.4704300,11.2,165
2018-8-17,3:26:4,37.8074070,-122.4702950,11.2,165
2018-8-17,3:26:10,37.8072620,-122.4701320,11.2,166
2018-8-17,3:26:16,37.8071420,-122.4699470,11.2,166
2018-8-17,3:26:23,37.8070350,-122.4697310,11.0,166
2018-8-17,3:26:29,37.8069000,-122.4695590,11.0,166
2018-8-17,3:26:35,37.8067530,-122.4694150,10.8,167
2018-8-17,3:26:41,37.8065850,-122.4693200,11.0,167
2018-8-17,3:26:48,37.8064040,-122.4692250,10.6,167
2018-8-17,3:26:49,37.8063960,-122.4691950,10.8,167
2018-8-17,3:26:56,37.8064000,-122.4689440,10.8,167
2018-8-17,3:27:2,37.8062950,-122.4687400,10.4,168
2018-8-17,3:27:7,37.8061550,-122.4686570,10.2,168
2018-8-17,3:27:13,37.8059650,-122.4686110,10.0,167
2018-8-17,3:27:19,37.8057680,-122.4685550,9.8,167
2018-8-17,3:27:25,37.8055860,-122.4684920,10.0,166
2018-8-17,3:27:31,37.8053890,-122.4684160,10.2,167
2018-8-17,3:27:37,37.8052100,-122.4683270,10.0,166
2018-8-17,3:27:43,37.8050320,-122.4682340,10.2,166
2018-8-17,3:27:45,37.8049690,-122.4682070,9.8,166
2018-8-17,3:27:51,37.8048600,-122.4681770,10.2,161
2018-8-17,3:27:53,37.8048400,-122.4681680,10.2,158
2018-8-17,3:27:55,37.8048240,-122.4681680,10.4,161
2018-8-17,3:27:57,37.8048060,-122.4681590,10.6,157
2018-8-17,3:28:9,37.8046740,-122.4681290,10.4,153
2018-8-17,3:28:14,37.8046240,-122.4680980,10.2,152
2018-8-17,3:28:19,37.8045670,-122.4680690,10.2,153
2018-8-17,3:28:21,37.8045520,-122.4680600,10.0,153
2018-8-17,3:28:22,37.8045460,-122.4680520,9.8,152
2018-8-17,3:28:27,37.8044930,-122.4680110,9.6,149
2018-8-17,3:28:31,37.8044520,-122.4679730,9.8,145
2018-8-17,3:28:35,37.8044190,-122.4679410,10.0,142
2018-8-17,3:28:38,37.8043900,-122.4679220,10.0,139
2018-8-17,3:28:42,37.8043520,-122.4679090,10.2,136
2018-8-17,3:28:46,37.8043160,-122.4678930,10.2,133
2018-8-17,3:28:47,37.8043070,-122.4678890,10.0,132
2018-8-17,3:28:53,37.8042490,-122.4678480,10.4,129
2018-8-17,3:28:55,37.8042300,-122.4678350,10.8,126
2018-8-17,3:28:57,37.8042140,-122.4678210,11.2,124
2018-8-17,3:28:58,37.8042050,-122.4678120,11.0,124
2018-8-17,3:29:0,37.8041870,-122.4677980,10.8,123
2018-8-17,3:29:4,37.8041550,-122.4677670,10.8,125
2018-8-17,3:29:14,37.8040740,-122.4676910,10.4,126
2018-8-17,3:29:15,37.8040680,-122.4676870,10.4,126
2018-8-17,3:29:20,37.8040320,-122.4676430,10.6,126
2018-8-17,3:29:21,37.8040250,-122.4676340,10.4,126
2018-8-17,3:29:22,37.8040220,-122.4676220,10.2,124
2018-8-17,3:29:24,37.8040080,-122.4676030,10.2,124
2018-8-17,3:29:26,37.8039890,-122.4675850,10.0,123
2018-8-17,3:29:32,37.8039290,-122.4675310,10.2,122
2018-8-17,3:29:35,37.8038970,-122.4675070,10.2,120
2018-8-17,3:29:39,37.8038520,-122.4674560,10.0,121
2018-8-17,3:29:42,37.8037910,-122.4673940,10.2,124
2018-8-17,3:29:44,37.8037560,-122.4673450,10.4,126
2018-8-17,3:29:47,37.8037250,-122.4672390,10.0,129
2018-8-17,3:29:50,37.8036980,-122.4671050,10.4,132
2018-8-17,3:29:52,37.8036800,-122.4670050,10.4,135
2018-8-17,3:29:55,37.8036590,-122.4668610,10.2,139
2018-8-17,3:29:57,37.8036470,-122.4667650,10.2,142
2018-8-17,3:30:1,37.8036130,-122.4665850,9.6,145
2018-8-17,3:30:4,37.8036060,-122.4664470,9.6,149
2018-8-17,3:30:10,37.8035890,-122.4661830,9.6,152
2018-8-17,3:30:15,37.8035550,-122.4659540,9.6,154
2018-8-17,3:30:20,37.8035260,-122.4657280,9.2,156
2018-8-17,3:30:25,37.8035070,-122.4655000,9.2,156
2018-8-17,3:30:28,37.8034920,-122.4653720,9.0,159
2018-8-17,3:30:34,37.8034600,-122.4651070,8.8,160
2018-8-17,3:30:40,37.8034170,-122.4648550,9.0,161
2018-8-17,3:30:46,37.8033770,-122.4646000,8.8,161
2018-8-17,3:30:52,37.8033470,-122.4643480,9.2,162
2018-8-17,3:30:58,37.8033010,-122.4640870,9.4,162
2018-8-17,3:31:4,37.8032660,-122.4638530,9.2,163
2018-8-17,3:31:9,37.8032380,-122.4636280,9.2,165
2018-8-17,3:31:15,37.8032140,-122.4633680,9.2,166
2018-8-17,3:31:21,37.8031920,-122.4631010,9.6,168
2018-8-17,3:31:27,37.8031730,-122.4628560,9.4,169
2018-8-17,3:31:33,37.8031520,-122.4626010,9.2,170
2018-8-17,3:31:39,37.8031290,-122.4623510,8.8,170
2018-8-17,3:31:45,37.8031020,-122.4620980,9.2,170
2018-8-17,3:31:51,37.8030630,-122.4618560,8.6,169
2018-8-17,3:31:57,37.8030380,-122.4616080,9.2,169
2018-8-17,3:32:3,37.8029980,-122.4613510,9.2,170
2018-8-17,3:32:9,37.8029670,-122.4611030,9.0,170
2018-8-17,3:32:15,37.8029990,-122.4608690,9.0,171
2018-8-17,3:32:21,37.8030940,-122.4606530,8.4,170
2018-8-17,3:32:27,37.8032310,-122.4604860,8.2,170
2018-8-17,3:32:33,37.8033960,-122.4603400,8.2,171
2018-8-17,3:32:39,37.8035470,-122.4601510,8.4,172
2018-8-17,3:32:45,37.8036400,-122.4599340,8.2,172
2018-8-17,3:32:47,37.8036670,-122.4598580,8.0,171
2018-8-17,3:32:53,37.8037030,-122.4596150,8.0,171
2018-8-17,3:32:59,37.8037310,-122.4593590,7.4,171
2018-8-17,3:33:5,37.8037660,-122.4591120,8.0,171
2018-8-17,3:33:11,37.8037770,-122.4588470,8.0,170
2018-8-17,3:33:17,37.8038000,-122.4586100,7.6,169
2018-8-17,3:33:23,37.8038430,-122.4583660,8.0,169
2018-8-17,3:33:29,37.8038790,-122.4581240,8.0,169
2018-8-17,3:33:35,37.8039270,-122.4578810,8.0,170
2018-8-17,3:33:41,37.8039610,-122.4576370,8.0,170
2018-8-17,3:33:47,37.8039790,-122.4574020,8.0,170
2018-8-17,3:33:53,37.8040010,-122.4571390,8.0,170
2018-8-17,3:34:0,37.8040260,-122.4568730,8.2,169
2018-8-17,3:34:6,37.8040270,-122.4566150,8.2,169
2018-8-17,3:34:12,37.8040710,-122.4563900,8.0,169
2018-8-17,3:34:18,37.8040980,-122.4561400,8.2,169
2018-8-17,3:34:24,37.8041290,-122.4558960,8.4,169
2018-8-17,3:34:30,37.8041700,-122.4556570,9.0,170
2018-8-17,3:34:36,37.8042070,-122.4554150,8.2,170
2018-8-17,3:34:42,37.8042370,-122.4551630,8.6,170
2018-8-17,3:34:48,37.8042780,-122.4549110,8.6,170
2018-8-17,3:34:54,37.8042940,-122.4546690,8.0,170
2018-8-17,3:35:0,37.8043270,-122.4544060,8.0,170
2018-8-17,3:35:6,37.8043710,-122.4541650,8.2,170
2018-8-17,3:35:12,37.8043970,-122.4539250,8.4,170
2018-8-17,3:35:18,37.8044210,-122.4536760,8.6,170
2018-8-17,3:35:24,37.8044540,-122.4534310,8.6,170
2018-8-17,3:35:30,37.8044970,-122.4531900,8.6,170
2018-8-17,3:35:36,37.8045400,-122.4529530,8.6,169
2018-8-17,3:35:42,37.8045670,-122.4527000,8.8,170
2018-8-17,3:35:48,37.8045950,-122.4524580,8.4,168
2018-8-17,3:35:54,37.8046300,-122.4522200,8.4,170
2018-8-17,3:36:0,37.8046560,-122.4519760,8.6,170
2018-8-17,3:36:6,37.8046840,-122.4517200,8.8,170
2018-8-17,3:36:12,37.8047150,-122.4514860,9.0,170
2018-8-17,3:36:18,37.8047390,-122.4512220,9.0,171
2018-8-17,3:36:19,37.8047450,-122.4511840,9.2,171
2018-8-17,3:36:25,37.8047830,-122.4509490,9.0,171
2018-8-17,3:36:31,37.8048060,-122.4507040,8.4,172
2018-8-17,3:36:37,37.8048320,-122.4504600,8.4,172
2018-8-17,3:36:43,37.8048620,-122.4502220,8.4,172
2018-8-17,3:36:46,37.8048670,-122.4500800,8.0,172
2018-8-17,3:36:52,37.8048830,-122.4498430,8.2,172
2018-8-17,3:36:57,37.8048900,-122.4496700,9.0,172
2018-8-17,3:37:6,37.8049400,-122.4495160,9.0,169
2018-8-17,3:37:14,37.8049460,-122.4494080,10.2,167
2018-8-17,3:37:18,37.8049580,-122.4493420,10.4,166
2018-8-17,3:37:23,37.8049700,-122.4492660,9.4,162
2018-8-17,3:37:27,37.8049790,-122.4491980,9.8,159
2018-8-17,3:37:30,37.8049860,-122.4491540,9.4,156
2018-8-17,3:37:33,37.8049990,-122.4491130,8.8,154
2018-8-17,3:37:35,37.8050100,-122.4490850,8.4,151
2018-8-17,3:37:38,37.8050240,-122.4490410,8.6,154
2018-8-17,3:37:40,37.8050340,-122.4490170,9.0,150
2018-8-17,3:37:43,37.8050460,-122.4489720,9.4,148
2018-8-17,3:37:46,37.8050620,-122.4489280,9.2,145
2018-8-17,3:37:48,37.8050680,-122.4488950,9.0,142
2018-8-17,3:37:51,37.8050850,-122.4488480,9.0,139
2018-8-17,3:37:58,37.8051080,-122.4487600,8.6,136
2018-8-17,3:38:0,37.8051110,-122.4487370,8.6,137
2018-8-17,3:38:2,37.8051190,-122.4487060,8.6,137
2018-8-17,3:38:5,37.8051260,-122.4486510,8.6,133
2018-8-17,3:38:8,37.8051240,-122.4486100,8.8,129
2018-8-17,3:38:10,37.8051270,-122.4485830,8.6,129
2018-8-17,3:38:13,37.8051360,-122.4485490,8.2,130
2018-8-17,3:38:14,37.8051410,-122.4485350,8.2,130
2018-8-17,3:38:16,37.8051450,-122.4485060,8.4,127
2018-8-17,3:38:29,37.8051680,-122.4483170,8.6,126
2018-8-17,3:38:32,37.8051590,-122.4482670,8.4,126
2018-8-17,3:38:41,37.8051950,-122.4481290,8.4,124
2018-8-17,3:38:45,37.8052110,-122.4480600,8.4,121
2018-8-17,3:38:54,37.8052150,-122.4479260,8.2,119
2018-8-17,3:38:58,37.8052190,-122.4478700,8.2,118
2018-8-17,3:39:0,37.8052250,-122.4478400,8.4,119
2018-8-17,3:39:12,37.8052460,-122.4476890,8.4,119
2018-8-17,3:39:13,37.8052500,-122.4476760,8.4,118
2018-8-17,3:39:17,37.8052540,-122.4476250,8.4,115
2018-8-17,3:39:20,37.8052490,-122.4475880,8.2,115
2018-8-17,3:39:29,37.8052680,-122.4474750,8.0,113
2018-8-17,3:39:31,37.8052670,-122.4474440,8.0,114
2018-8-17,3:39:34,37.8052650,-122.4474030,8.4,114
2018-8-17,3:39:36,37.8052700,-122.4473800,8.4,113
2018-8-17,3:39:42,37.8052780,-122.4473060,8.4,113
2018-8-17,3:39:48,37.8052810,-122.4472220,8.0,110
2018-8-17,3:39:59,37.8053030,-122.4470760,8.8,112
2018-8-17,3:40:5,37.8053060,-122.4469960,8.8,110
2018-8-17,3:40:7,37.8053160,-122.4469720,9.0,111
2018-8-17,3:40:8,37.8053190,-122.4469600,8.8,111
2018-8-17,3:40:10,37.8053280,-122.4469390,8.4,112
2018-8-17,3:40:19,37.8053520,-122.4468360,9.0,113
2018-8-17,3:40:22,37.8053490,-122.4467950,9.0,113
2018-8-17,3:40:26,37.8053410,-122.4467320,8.4,113
2018-8-17,3:40:29,37.8053360,-122.4466920,8.2,111
2018-8-17,3:40:36,37.8053490,-122.4465930,8.2,112
2018-8-17,3:40:42,37.8053690,-122.4465110,8.0,112
2018-8-17,3:40:47,37.8053710,-122.4464440,8.0,114
2018-8-17,3:40:54,37.8053940,-122.4463460,7.8,113
2018-8-17,3:40:56,37.8053960,-122.4463200,8.0,113
2018-8-17,3:40:59,37.8053950,-122.4462730,7.6,110
2018-8-17,3:41:11,37.8054010,-122.4461130,7.8,109
2018-8-17,3:41:13,37.8054010,-122.4460760,7.8,108
2018-8-17,3:41:15,37.8054060,-122.4460100,7.8,111
2018-8-17,3:41:16,37.8054130,-122.4459680,7.6,114
2018-8-17,3:41:19,37.8054360,-122.4458330,8.0,117
2018-8-17,3:41:21,37.8054550,-122.4457420,7.6,121
2018-8-17,3:41:23,37.8054770,-122.4456510,7.4,125
2018-8-17,3:41:25,37.8054970,-122.4455590,7.4,128
2018-8-17,3:41:28,37.8055290,-122.4454270,7.6,133
2018-8-17,3:41:29,37.8055380,-122.4453810,7.6,133
2018-8-17,3:41:31,37.8055540,-122.4452970,7.6,137
2018-8-17,3:41:34,37.8055790,-122.4451580,7.8,140
2018-8-17,3:41:38,37.8056030,-122.4449670,8.0,143
2018-8-17,3:41:43,37.8056380,-122.4447350,7.6,142
2018-8-17,3:41:46,37.8056560,-122.4446160,7.4,145
2018-8-17,3:41:51,37.8056940,-122.4443910,6.8,148
2018-8-17,3:41:55,37.8057200,-122.4442100,7.0,151
2018-8-17,3:41:59,37.8057340,-122.4440310,6.8,154
2018-8-17,3:42:5,37.8057720,-122.4437830,7.2,157
2018-8-17,3:42:11,37.8057970,-122.4435310,7.2,158
2018-8-17,3:42:17,37.8058160,-122.4433050,7.2,158
2018-8-17,3:42:23,37.8058490,-122.4430650,7.4,158
2018-8-17,3:42:29,37.8059070,-122.4428340,7.2,157
2018-8-17,3:42:35,37.8059590,-122.4425930,7.4,157
2018-8-17,3:42:41,37.8059970,-122.4423650,7.4,158
2018-8-17,3:42:47,37.8060030,-122.4421130,7.6,159
2018-8-17,3:42:53,37.8060130,-122.4418710,7.6,160
2018-8-17,3:42:59,37.8060450,-122.4416210,7.8,162
2018-8-17,3:43:5,37.8060790,-122.4413950,7.8,162
2018-8-17,3:43:11,37.8061130,-122.4411430,7.8,164
2018-8-17,3:43:17,37.8061490,-122.4409070,8.0,164
2018-8-17,3:43:23,37.8061920,-122.4406580,7.8,164
2018-8-17,3:43:29,37.8062250,-122.4404180,7.8,165
2018-8-17,3:43:35,37.8062420,-122.4401810,8.0,166
2018-8-17,3:43:41,37.8062750,-122.4399460,8.0,167
2018-8-17,3:43:47,37.8063180,-122.4397050,8.2,168
2018-8-17,3:43:53,37.8063600,-122.4394690,8.2,168
2018-8-17,3:43:59,37.8063980,-122.4392180,8.4,167
2018-8-17,3:44:5,37.8064100,-122.4389710,8.4,167
2018-8-17,3:44:11,37.8064400,-122.4387110,8.4,167
2018-8-17,3:44:17,37.8064760,-122.4384720,8.4,167
2018-8-17,3:44:19,37.8064920,-122.4383830,8.8,167
2018-8-17,3:44:25,37.8065110,-122.4381400,8.2,167
2018-8-17,3:44:31,37.8065460,-122.4378890,8.4,168
2018-8-17,3:44:37,37.8065810,-122.4376510,8.2,168
2018-8-17,3:44:43,37.8065970,-122.4373960,9.0,168
2018-8-17,3:44:49,37.8066240,-122.4371530,9.0,168
2018-8-17,3:44:55,37.8066540,-122.4369130,9.2,168
2018-8-17,3:45:1,37.8066930,-122.4366660,9.0,169
2018-8-17,3:45:7,37.8067050,-122.4364050,9.4,168
2018-8-17,3:45:13,37.8066540,-122.4361530,9.4,168
2018-8-17,3:45:18,37.8065750,-122.4359380,9.0,169
2018-8-17,3:45:23,37.8064590,-122.4357540,9.0,170
2018-8-17,3:45:28,37.8063350,-122.4355800,9.0,170
2018-8-17,3:45:33,37.8062070,-122.4354100,9.6,169
2018-8-17,3:45:34,37.8061890,-122.4353800,10.0,170
2018-8-17,3:45:40,37.8060670,-122.4351770,9.2,169
2018-8-17,3:45:46,37.8059380,-122.4349880,9.6,169
2018-8-17,3:45:52,37.8058020,-122.4347940,9.8,170
2018-8-17,3:45:58,37.8056920,-122.4346060,9.8,170
2018-8-17,3:46:4,37.8055680,-122.4344070,9.8,170
2018-8-17,3:46:11,37.8054340,-122.4341980,10.0,170
2018-8-17,3:46:17,37.8053230,-122.4340130,10.8,170
2018-8-17,3:46:23,37.8052080,-122.4338270,11.0,169
2018-8-17,3:46:25,37.8051770,-122.4337680,11.2,169
2018-8-17,3:46:31,37.8051340,-122.4335410,10.8,169
2018-8-17,3:46:38,37.8051630,-122.4333110,11.4,169
2018-8-17,3:46:44,37.8052140,-122.4330900,11.2,170
2018-8-17,3:46:50,37.8052480,-122.4328540,11.2,170
2018-8-17,3:46:56,37.8052950,-122.4326270,11.4,171
2018-8-17,3:47:2,37.8053320,-122.4323780,11.8,171
2018-8-17,3:47:8,37.8053690,-122.4321540,12.2,170
2018-8-17,3:47:12,37.8053190,-122.4319950,12.8,170
2018-8-17,3:47:17,37.8051590,-122.4318880,13.2,171
2018-8-17,3:47:23,37.8050010,-122.4317760,13.8,170
2018-8-17,3:47:25,37.8049610,-122.4317230,14.4,170
2018-8-17,3:47:29,37.8048910,-122.4316230,15.6,171
2018-8-17,3:47:33,37.8048310,-122.4315180,17.0,171
2018-8-17,3:47:38,37.8048160,-122.4313670,18.0,172
2018-8-17,3:47:46,37.8049280,-122.4311660,19.2,173
2018-8-17,3:47:52,37.8050880,-122.4310890,20.2,174
2018-8-17,3:47:57,37.8052090,-122.4310180,21.6,173
2018-8-17,3:48:5,37.8053320,-122.4308150,22.2,174
2018-8-17,3:48:9,37.8053890,-122.4307000,22.6,173
2018-8-17,3:48:16,37.8054660,-122.4304840,23.4,173
2018-8-17,3:48:23,37.8055300,-122.4302620,23.8,172
2018-8-17,3:48:31,37.8056750,-122.4300850,24.2,171
2018-8-17,3:48:38,37.8058300,-122.4299300,24.8,170
2018-8-17,3:48:39,37.8058460,-122.4298960,25.0,170
2018-8-17,3:48:46,37.8058720,-122.4296540,25.4,170
2018-8-17,3:48:49,37.8058210,-122.4295520,25.6,170
2018-8-17,3:48:56,37.8056970,-122.4294350,26.2,168
2018-8-17,3:49:1,37.8056260,-122.4293990,26.2,167
2018-8-17,3:49:5,37.8055770,-122.4293750,26.2,164
2018-8-17,3:49:7,37.8055550,-122.4293630,26.4,165
2018-8-17,3:49:14,37.8054800,-122.4293190,26.2,162
2018-8-17,3:49:16,37.8054630,-122.4293020,26.2,161
2018-8-17,3:49:22,37.8054160,-122.4292430,26.4,158
2018-8-17,3:49:25,37.8053910,-122.4292130,26.4,155
2018-8-17,3:49:30,37.8053550,-122.4291560,26.4,151
2018-8-17,3:49:32,37.8053450,-122.4291320,26.6,148
2018-8-17,3:49:35,37.8053290,-122.4291010,27.4,146
2018-8-17,3:49:41,37.8053030,-122.4290450,28.0,143
2018-8-17,3:49:43,37.8052990,-122.4290260,28.6,142
2018-8-17,3:49:52,37.8052870,-122.4289120,29.4,139
2018-8-17,3:49:57,37.8052920,-122.4288380,29.6,137
2018-8-17,3:49:58,37.8052920,-122.4288230,29.6,136
2018-8-17,3:50:3,37.8052900,-122.4287510,28.8,133
2018-8-17,3:50:4,37.8052880,-122.4287330,28.4,132
2018-8-17,3:50:11,37.8053040,-122.4286390,28.0,129
2018-8-17,3:50:19,37.8053110,-122.4285150,30.0,133
2018-8-17,3:50:22,37.8053130,-122.4284650,30.2,128
2018-8-17,3:50:24,37.8053150,-122.4284380,30.4,125
2018-8-17,3:50:27,37.8053200,-122.4283990,30.6,122
2018-8-17,3:50:30,37.8053310,-122.4283630,30.8,121
2018-8-17,3:50:33,37.8053380,-122.4283210,30.6,123
2018-8-17,3:50:36,37.8053590,-122.4282750,31.0,120
2018-8-17,3:50:38,37.8053680,-122.4282480,30.8,121
2018-8-17,3:50:40,37.8053770,-122.4282170,30.8,122
2018-8-17,3:50:55,37.8053920,-122.4279760,31.4,120
2018-8-17,3:50:59,37.8054010,-122.4279190,31.6,121
2018-8-17,3:51:0,37.8054030,-122.4279060,31.6,123
2018-8-17,3:51:3,37.8054060,-122.4278580,31.6,123
2018-8-17,3:51:5,37.8054150,-122.4278330,31.6,123
2018-8-17,3:51:11,37.8054240,-122.4277410,31.8,120
2018-8-17,3:51:15,37.8054280,-122.4276800,32.2,118
2018-8-17,3:51:23,37.8054550,-122.4275580,32.8,115
2018-8-17,3:51:30,37.8054740,-122.4274640,33.0,116
2018-8-17,3:51:36,37.8054890,-122.4273710,33.4,115
2018-8-17,3:51:52,37.8055030,-122.4271300,33.8,117
2018-8-17,3:52:2,37.8054940,-122.4269710,34.4,119
2018-8-17,3:52:16,37.8055180,-122.4267480,34.6,117
2018-8-17,3:52:28,37.8055420,-122.4265730,34.4,114
2018-8-17,3:52:36,37.8055550,-122.4264520,34.4,117
2018-8-17,3:52:46,37.8055760,-122.4262750,34.6,114
2018-8-17,3:52:58,37.8055200,-122.4260980,34.4,111
2018-8-17,3:53:11,37.8053880,-122.4259220,34.2,109
2018-8-17,3:53:16,37.8053210,-122.4258530,34.4,107
2018-8-17,3:53:21,37.8052310,-122.4257540,34.0,110
2018-8-17,3:53:24,37.8051650,-122.4257030,34.0,113
2018-8-17,3:53:26,37.8051120,-122.4256860,34.2,116
2018-8-17,3:53:29,37.8050490,-122.4256660,34.2,119
2018-8-17,3:53:33,37.8049620,-122.4256370,33.6,122
2018-8-17,3:53:35,37.8049100,-122.4256240,33.4,123
2018-8-17,3:53:40,37.8047980,-122.4255830,33.4,126
2018-8-17,3:53:48,37.8046100,-122.4255310,32.6,128
2018-8-17,3:53:49,37.8045870,-122.4255270,32.4,128
2018-8-17,3:53:57,37.8044100,-122.4254830,32.0,130
2018-8-17,3:54:6,37.8042300,-122.4253800,31.6,131
2018-8-17,3:54:7,37.8042220,-122.4253570,31.6,131
2018-8-17,3:54:8,37.8042210,-122.4253270,31.4,132
2018-8-17,3:54:16,37.8042550,-122.4250810,32.2,133
2018-8-17,3:54:24,37.8042710,-122.4248470,31.6,135
2018-8-17,3:54:33,37.8043080,-122.4246180,31.8,135
2018-8-17,3:54:42,37.8043330,-122.4243830,31.6,136
2018-8-17,3:54:50,37.8043860,-122.4241360,32.0,138
2018-8-17,3:54:57,37.8044160,-122.4239390,32.4,141
2018-8-17,3:54:58,37.8044200,-122.4239120,32.4,141
2018-8-17,3:55:9,37.8044420,-122.4236860,32.6,142
2018-8-17,3:55:10,37.8044430,-122.4236790,32.6,141
2018-8-17,3:55:12,37.8044400,-122.4236660,32.4,140
