date,time,latitude,longitude,elevation,heart_rate,cadence
2018-6-6,14:38:13,50.88288576342165470123291015625,4.717182219028472900390625,48.40000152587890625,78,48
2018-6-6,14:38:15,50.88288609869778156280517578125,4.7171495296061038970947265625,48.200000762939453125,81,65
2018-6-6,14:38:16,50.8828965760767459869384765625,4.7171398065984249114990234375,48.200000762939453125,87,73
2018-6-6,14:38:17,50.882924906909465789794921875,4.7171247191727161407470703125,48.200000762939453125,91,73
2018-6-6,14:38:18,50.88295030407607555389404296875,4.71711005084216594696044921875,48,95,73
2018-6-6,14:38:19,50.88297679089009761810302734375,4.71710334531962871551513671875,48,98,73
2018-6-6,14:38:21,50.88302657939493656158447265625,4.7170968912541866302490234375,48,101,73
2018-6-6,14:38:23,50.88309832848608493804931640625,4.7171200253069400787353515625,48,105,73
2018-6-6,14:38:25,50.88315783999860286712646484375,4.717138297855854034423828125,47.59999847412109375,108,73
2018-6-6,14:38:26,50.88318298570811748504638671875,4.71713737584650516510009765625,47.200000762939453125,109,73
2018-6-6,14:38:30,50.8832536451518535614013671875,4.71710703335702419281005859375,47.40000152587890625,112,73
2018-6-6,14:38:40,50.88326948694884777069091796875,4.7168134152889251708984375,46.200000762939453125,114,73
2018-6-6,14:38:46,50.88331927545368671417236328125,4.71672330982983112335205078125,45.799999237060546875,115,73
2018-6-6,14:38:49,50.88335816748440265655517578125,4.7166335396468639373779296875,45.799999237060546875,116,72
2018-6-6,14:38:53,50.88341114111244678497314453125,4.71649632789194583892822265625,45.59999847412109375,120,72
2018-6-6,14:38:57,50.88345992378890514373779296875,4.7163720242679119110107421875,45.59999847412109375,122,72
2018-6-6,14:39:1,50.88354357518255710601806640625,4.71627219580113887786865234375,45.200000762939453125,125,73
2018-6-6,14:39:2,50.88357500731945037841796875,4.71625308506190776824951171875,45,126,73
2018-6-6,14:39:5,50.88363845832645893096923828125,4.716019816696643829345703125,45,123,72
2018-6-6,14:39:14,50.88382001034915447235107421875,4.71614160574972629547119140625,44.40000152587890625,120,72
2018-6-6,14:39:16,50.88384054601192474365234375,4.71619659103453159332275390625,44,121,72
2018-6-6,14:39:24,50.883962921798229217529296875,4.71642156131565570831298828125,44,123,72
2018-6-6,14:39:32,50.88403944857418537139892578125,4.71661333926022052764892578125,43,122,70
2018-6-6,14:39:33,50.88405218906700611114501953125,4.71660680137574672698974609375,42.799999237060546875,122,70
2018-6-6,14:39:42,50.88419719599187374114990234375,4.7163861058652400970458984375,42.200000762939453125,122,73
2018-6-6,14:39:46,50.88426659815013408660888671875,4.7162796556949615478515625,41.59999847412109375,122,73
2018-6-6,14:39:54,50.88440774939954280853271484375,4.7160719521343708038330078125,40.59999847412109375,122,73
2018-6-6,14:39:59,50.88450305163860321044921875,4.7159656696021556854248046875,40.200000762939453125,122,72
2018-6-6,14:40:3,50.88450280018150806427001953125,4.7157685272395610809326171875,39.40000152587890625,122,72
2018-6-6,14:40:12,50.88456013239920139312744140625,4.71547675319015979766845703125,39.200000762939453125,124,72
2018-6-6,14:40:21,50.88459718041121959686279296875,4.71518103964626789093017578125,39,124,72
2018-6-6,14:40:24,50.88460891507565975189208984375,4.71507810987532138824462890625,39,125,72
2018-6-6,14:40:30,50.8845387585461139678955078125,4.71480670385062694549560546875,38.799999237060546875,125,72
2018-6-6,14:40:34,50.88450481183826923370361328125,4.7145831584930419921875,38.799999237060546875,124,71
2018-6-6,14:40:43,50.88467982597649097442626953125,4.71461274661123752593994140625,39,123,70
2018-6-6,14:40:48,50.8847637288272380828857421875,4.71450109966099262237548828125,38.799999237060546875,122,71
2018-6-6,14:40:55,50.88479884900152683258056640625,4.714246876537799835205078125,39.200000762939453125,124,71
2018-6-6,14:41:3,50.884842686355113983154296875,4.7139479778707027435302734375,38.799999237060546875,126,72
2018-6-6,14:41:11,50.88491854257881641387939453125,4.71364966593682765960693359375,39.200000762939453125,125,73
2018-6-6,14:41:19,50.88503588922321796417236328125,4.713390581309795379638671875,39.200000762939453125,127,73
2018-6-6,14:41:26,50.885149799287319183349609375,4.7131651081144809722900390625,39.200000762939453125,129,73
2018-6-6,14:41:28,50.88518391363322734832763671875,4.71310366876423358917236328125,39.200000762939453125,129,73
2018-6-6,14:41:35,50.8852881006896495819091796875,4.71285942010581493377685546875,39.200000762939453125,130,72
2018-6-6,14:41:43,50.88540066964924335479736328125,4.71261366270482540130615234375,39,130,73
2018-6-6,14:41:49,50.88548432104289531707763671875,4.71238785423338413238525390625,39,127,72
2018-6-6,14:41:56,50.88559060357511043548583984375,4.71214410848915576934814453125,39.200000762939453125,130,72
2018-6-6,14:42:2,50.88564374484121799468994140625,4.71193204633891582489013671875,39.200000762939453125,133,73
2018-6-6,14:42:9,50.88571633212268352508544921875,4.71169014461338520050048828125,39.200000762939453125,136,72
2018-6-6,14:42:17,50.88578908704221248626708984375,4.711425863206386566162109375,39.40000152587890625,138,72
2018-6-6,14:42:24,50.88584155775606632232666015625,4.711148925125598907470703125,39,137,72
2018-6-6,14:42:26,50.885866619646549224853515625,4.7110817022621631622314453125,38.799999237060546875,138,73
2018-6-6,14:42:33,50.88595655746757984161376953125,4.7108215279877185821533203125,38.799999237060546875,138,74
2018-6-6,14:42:40,50.8861061744391918182373046875,4.7106067836284637451171875,38.799999237060546875,137,72
2018-6-6,14:42:46,50.88622729294002056121826171875,4.71039882861077785491943359375,38.799999237060546875,137,72
2018-6-6,14:42:53,50.886327959597110748291015625,4.71013898961246013641357421875,39.200000762939453125,136,72
2018-6-6,14:43:0,50.88642443530261516571044921875,4.70988736487925052642822265625,39.200000762939453125,135,72
2018-6-6,14:43:7,50.88651630096137523651123046875,4.70961696468293666839599609375,39.200000762939453125,134,72
2018-6-6,14:43:14,50.886606238782405853271484375,4.70935863442718982696533203125,39,135,72
2018-6-6,14:43:21,50.8867200650274753570556640625,4.70911036245524883270263671875,39.200000762939453125,135,72
2018-6-6,14:43:29,50.88687253184616565704345703125,4.70888321287930011749267578125,38.799999237060546875,134,72
2018-6-6,14:43:36,50.8870291896164417266845703125,4.70871574245393276214599609375,38.59999847412109375,134,72
2018-6-6,14:43:43,50.887154079973697662353515625,4.7085007466375827789306640625,38.59999847412109375,134,72
2018-6-6,14:43:48,50.8872253261506557464599609375,4.70831911079585552215576171875,38.40000152587890625,134,73
2018-6-6,14:43:55,50.88730855844914913177490234375,4.70806212164461612701416015625,38.200000762939453125,135,73
2018-6-6,14:44:2,50.88745339773595333099365234375,4.707843773066997528076171875,38.200000762939453125,134,73
2018-6-6,14:44:10,50.8875847421586513519287109375,4.7075864486396312713623046875,37.799999237060546875,134,73
2018-6-6,14:44:17,50.8876995742321014404296875,4.7073359973728656768798828125,37.799999237060546875,134,73
2018-6-6,14:44:25,50.88781197555363178253173828125,4.70707473345100879669189453125,37.59999847412109375,135,72
2018-6-6,14:44:33,50.88791842572391033172607421875,4.706947915256023406982421875,37.59999847412109375,134,71
2018-6-6,14:44:38,50.88792152702808380126953125,4.706969372928142547607421875,37.40000152587890625,132,0
2018-6-6,14:44:45,50.887920521199703216552734375,4.7069718874990940093994140625,37.59999847412109375,128,0
2018-6-6,14:45:4,50.88794675655663013458251953125,4.7067787684500217437744140625,37.40000152587890625,126,73
2018-6-6,14:45:5,50.8879676274955272674560546875,4.70675219781696796417236328125,37.40000152587890625,125,73
2018-6-6,14:45:12,50.8881687931716442108154296875,4.7067382000386714935302734375,36.799999237060546875,124,73
2018-6-6,14:45:18,50.88835545815527439117431640625,4.70673442818224430084228515625,36.40000152587890625,126,72
2018-6-6,14:45:24,50.88853935711085796356201171875,4.70673576928675174713134765625,36.799999237060546875,127,72
2018-6-6,14:45:30,50.8887293748557567596435546875,4.70672084949910640716552734375,37,128,72
2018-6-6,14:45:36,50.88891855441033840179443359375,4.70673040486872196197509765625,37,129,72
2018-6-6,14:45:42,50.88909490965306758880615234375,4.70674063079059123992919921875,37.200000762939453125,132,72
2018-6-6,14:45:49,50.8892899565398693084716796875,4.70677549950778484344482421875,36.799999237060546875,134,72
2018-6-6,14:45:57,50.88949464261531829833984375,4.70676250755786895751953125,37,134,72
2018-6-6,14:46:5,50.8896916173398494720458984375,4.7067787684500217437744140625,36.799999237060546875,134,72
2018-6-6,14:46:13,50.8898857422173023223876953125,4.7067784331738948822021484375,37,135,72
2018-6-6,14:46:21,50.89008766226470470428466796875,4.7067787684500217437744140625,36.799999237060546875,135,73
2018-6-6,14:46:28,50.890281535685062408447265625,4.70677952282130718231201171875,36.59999847412109375,135,72
2018-6-6,14:46:34,50.89046115987002849578857421875,4.7068007290363311767578125,36.59999847412109375,136,72
2018-6-6,14:46:41,50.8906441368162631988525390625,4.70679326914250850677490234375,36.59999847412109375,135,72
2018-6-6,14:46:48,50.8908339031040668487548828125,4.706778936088085174560546875,36.40000152587890625,136,72
2018-6-6,14:46:49,50.890861563384532928466796875,4.7067770920693874359130859375,36.200000762939453125,136,73
2018-6-6,14:46:57,50.89105912484228610992431640625,4.7067774273455142974853515625,36.40000152587890625,137,72
2018-6-6,14:47:5,50.8912436105310916900634765625,4.7067831270396709442138671875,36.200000762939453125,139,73
2018-6-6,14:47:12,50.89143279008567333221435546875,4.70679243095219135284423828125,36,137,73
2018-6-6,14:47:15,50.89150185696780681610107421875,4.70678723417222499847412109375,37.200000762939453125,138,74
2018-6-6,14:47:18,50.89157737791538238525390625,4.70679041929543018341064453125,36.200000762939453125,138,74
2018-6-6,14:47:23,50.89170880615711212158203125,4.70679209567606449127197265625,36.200000762939453125,141,73
2018-6-6,14:47:31,50.891906283795833587646484375,4.7068156488239765167236328125,35.799999237060546875,142,73
2018-6-6,14:47:38,50.8920928649604320526123046875,4.70682553946971893310546875,36,143,73
2018-6-6,14:47:45,50.8922883309423923492431640625,4.70681657083332538604736328125,35.799999237060546875,141,73
2018-6-6,14:47:49,50.89239721186459064483642578125,4.706813134253025054931640625,36,138,73
2018-6-6,14:47:56,50.892605669796466827392578125,4.706831239163875579833984375,35.799999237060546875,138,72
2018-6-6,14:47:59,50.89269929565489292144775390625,4.70683434046804904937744140625,35.59999847412109375,135,72
2018-6-6,14:48:6,50.8928945101797580718994140625,4.7068377770483493804931640625,35.799999237060546875,137,72
2018-6-6,14:48:9,50.8929692767560482025146484375,4.70684858970344066619873046875,35.59999847412109375,140,72
2018-6-6,14:48:16,50.89316549710929393768310546875,4.70684272237122058868408203125,35.40000152587890625,142,72
2018-6-6,14:48:23,50.8933481387794017791748046875,4.70682277344167232513427734375,36,141,72
2018-6-6,14:48:30,50.89354167692363262176513671875,4.70681388862431049346923828125,35.59999847412109375,141,73
2018-6-6,14:48:37,50.89373077265918254852294921875,4.70680232159793376922607421875,35.59999847412109375,141,73
2018-6-6,14:48:45,50.89393076486885547637939453125,4.7067925147712230682373046875,35.799999237060546875,139,73
2018-6-6,14:48:52,50.8941105566918849945068359375,4.70684557221829891204833984375,35.40000152587890625,140,73
2018-6-6,14:49:0,50.89429504238069057464599609375,4.70684540458023548126220703125,35.59999847412109375,140,73
2018-6-6,14:49:7,50.89447961188852787017822265625,4.7068367712199687957763671875,35.59999847412109375,140,73
2018-6-6,14:49:14,50.8946610800921916961669921875,4.70683299936354160308837890625,35.799999237060546875,139,73
2018-6-6,14:49:21,50.8948438055813312530517578125,4.7068511880934238433837890625,35.799999237060546875,139,72
2018-6-6,14:49:29,50.89503985829651355743408203125,4.70685445703566074371337890625,35.59999847412109375,140,72
2018-6-6,14:49:37,50.8952417783439159393310546875,4.70684657804667949676513671875,35.59999847412109375,140,72
2018-6-6,14:49:44,50.89543296955525875091552734375,4.70686552114784717559814453125,35.59999847412109375,140,72
2018-6-6,14:49:51,50.89562910608947277069091796875,4.7068691253662109375,35.40000152587890625,141,72
2018-6-6,14:49:58,50.89576028287410736083984375,4.7068736515939235687255859375,35.59999847412109375,140,55
2018-6-6,14:50:8,50.8958848379552364349365234375,4.7068964503705501556396484375,35.59999847412109375,137,50
2018-6-6,14:50:16,50.8959780447185039520263671875,4.70689888112246990203857421875,36,134,50
2018-6-6,14:50:20,50.89602716267108917236328125,4.706904999911785125732421875,35.799999237060546875,131,51
2018-6-6,14:50:23,50.8960601873695850372314453125,4.7069091908633708953857421875,35.59999847412109375,128,51
2018-6-6,14:50:28,50.89611425064504146575927734375,4.706915058195590972900390625,35.59999847412109375,125,50
2018-6-6,14:50:29,50.89612212963402271270751953125,4.706912375986576080322265625,35.59999847412109375,124,51
2018-6-6,14:50:31,50.89614626951515674591064453125,4.70691530965268611907958984375,35.799999237060546875,119,51
2018-6-6,14:50:33,50.8961748518049716949462890625,4.7069162316620349884033203125,35.799999237060546875,118,65
2018-6-6,14:50:38,50.896288342773914337158203125,4.70690038986504077911376953125,35.799999237060546875,121,73
2018-6-6,14:50:40,50.89633922092616558074951171875,4.7068904154002666473388671875,35.59999847412109375,122,74
2018-6-6,14:50:44,50.89645707048475742340087890625,4.70686309039592742919921875,35.799999237060546875,125,75
2018-6-6,14:50:47,50.89656955562531948089599609375,4.70685278065502643585205078125,35.59999847412109375,128,77
2018-6-6,14:50:49,50.8966469205915927886962890625,4.70685009844601154327392578125,35.59999847412109375,131,77
2018-6-6,14:50:53,50.896806679666042327880859375,4.70685370266437530517578125,35.59999847412109375,135,77
2018-6-6,14:50:57,50.89696727693080902099609375,4.70687993802130222320556640625,35.799999237060546875,138,77
2018-6-6,14:51:2,50.89715377427637577056884765625,4.7068910859525203704833984375,35.59999847412109375,141,77
2018-6-6,14:51:7,50.8973392657935619354248046875,4.70689259469509124755859375,35.59999847412109375,142,77
2018-6-6,14:51:10,50.89744563214480876922607421875,4.70689184032380580902099609375,35.59999847412109375,145,76
2018-6-6,14:51:15,50.89763204567134380340576171875,4.7068930976092815399169921875,35.40000152587890625,146,77
2018-6-6,14:51:20,50.89781594462692737579345703125,4.706878177821636199951171875,35.40000152587890625,149,76
2018-6-6,14:51:25,50.89800101704895496368408203125,4.70686585642397403717041015625,35.59999847412109375,151,76
2018-6-6,14:51:30,50.89817753992974758148193359375,4.70686853863298892974853515625,35.59999847412109375,154,76
2018-6-6,14:51:35,50.89834584854543209075927734375,4.70685311593115329742431640625,35.200000762939453125,155,76
2018-6-6,14:51:41,50.89855941943824291229248046875,4.70687423832714557647705078125,35.40000152587890625,155,77
2018-6-6,14:51:47,50.89875228703022003173828125,4.7068813629448413848876953125,35.200000762939453125,155,76
2018-6-6,14:51:52,50.898935683071613311767578125,4.70687055028975009918212890625,35.40000152587890625,157,75
2018-6-6,14:51:58,50.89914028532803058624267578125,4.70683333463966846466064453125,35.40000152587890625,159,75
2018-6-6,14:52:4,50.8993512578308582305908203125,4.70686200074851512908935546875,35.59999847412109375,160,75
2018-6-6,14:52:10,50.89955904521048069000244140625,4.70683232881128787994384765625,35.799999237060546875,161,75
2018-6-6,14:52:15,50.89974327944219112396240234375,4.7068572230637073516845703125,35.59999847412109375,162,75
2018-6-6,14:52:21,50.8999465405941009521484375,4.70687247812747955322265625,35.40000152587890625,161,75
2018-6-6,14:52:28,50.900148712098598480224609375,4.70686183311045169830322265625,35.59999847412109375,161,75
2018-6-6,14:52:34,50.90034954249858856201171875,4.706884883344173431396484375,35.200000762939453125,160,75
2018-6-6,14:52:39,50.90054593048989772796630859375,4.70690877176821231842041015625,35.59999847412109375,160,75
2018-6-6,14:52:45,50.900746844708919525146484375,4.706896953284740447998046875,35.40000152587890625,160,75
2018-6-6,14:52:51,50.90095111168920993804931640625,4.706984795629978179931640625,35.59999847412109375,160,75
2018-6-6,14:52:57,50.90113434009253978729248046875,4.70709753222763538360595703125,35.40000152587890625,160,75
2018-6-6,14:53:3,50.90133257210254669189453125,4.7070925869047641754150390625,35.40000152587890625,159,76
2018-6-6,14:53:5,50.9013820253312587738037109375,4.70712686888873577117919921875,35.200000762939453125,160,76
2018-6-6,14:53:10,50.90149057097733020782470703125,4.70741906203329563140869140625,34.799999237060546875,160,75
2018-6-6,14:53:15,50.901504568755626678466796875,4.7077232412993907928466796875,35,160,75
2018-6-6,14:53:20,50.9015201590955257415771484375,4.70802121795713901519775390625,35.200000762939453125,160,75
2018-6-6,14:53:25,50.90155460871756076812744140625,4.70830368809401988983154296875,35.40000152587890625,161,75
2018-6-6,14:53:32,50.9016244299709796905517578125,4.708579368889331817626953125,35.40000152587890625,161,76
2018-6-6,14:53:38,50.90167681686580181121826171875,4.7088754177093505859375,35.59999847412109375,162,75
2018-6-6,14:53:44,50.90182341635227203369140625,4.7090740688145160675048828125,35.799999237060546875,162,75
2018-6-6,14:53:49,50.90198032557964324951171875,4.70923139713704586029052734375,35,162,75
2018-6-6,14:53:55,50.90216296724975109100341796875,4.7093647532165050506591796875,35,161,76
2018-6-6,14:54:1,50.90234904550015926361083984375,4.7093791700899600982666015625,35,162,75
2018-6-6,14:54:7,50.902538560330867767333984375,4.70929711125791072845458984375,34.59999847412109375,162,75
2018-6-6,14:54:10,50.9026433341205120086669921875,4.70925603993237018585205078125,34.200000762939453125,162,77
2018-6-6,14:54:14,50.90277300216257572174072265625,4.70922921784222126007080078125,34,162,70
2018-6-6,14:54:20,50.9028401412069797515869140625,4.7092282958328723907470703125,34.200000762939453125,159,49
2018-6-6,14:54:24,50.9028797037899494171142578125,4.7092286311089992523193359375,34.59999847412109375,159,48
2018-6-6,14:54:26,50.902898646891117095947265625,4.70922737382352352142333984375,34.200000762939453125,158,48
2018-6-6,14:54:27,50.9029082022607326507568359375,4.70922745764255523681640625,34.200000762939453125,158,48
2018-6-6,14:54:32,50.9029640257358551025390625,4.7092227637767791748046875,34.200000762939453125,156,49
2018-6-6,14:54:35,50.90299864299595355987548828125,4.7092179022729396820068359375,33.799999237060546875,152,49
2018-6-6,14:54:38,50.9030310809612274169921875,4.70921379514038562774658203125,33.799999237060546875,152,49
2018-6-6,14:54:39,50.9030449949204921722412109375,4.709212370216846466064453125,33.799999237060546875,151,49
2018-6-6,14:54:41,50.9030687995254993438720703125,4.7092068381607532501220703125,33.799999237060546875,150,49
2018-6-6,14:54:43,50.9030900895595550537109375,4.709203653037548065185546875,33.59999847412109375,147,56
2018-6-6,14:54:45,50.90311816893517971038818359375,4.709198288619518280029296875,33.59999847412109375,145,54
2018-6-6,14:54:50,50.9031747467815876007080078125,4.70918211154639720916748046875,33.59999847412109375,142,51
2018-6-6,14:54:53,50.90321137569844722747802734375,4.70916400663554668426513671875,33.59999847412109375,139,50
2018-6-6,14:54:56,50.90324691496789455413818359375,4.7091525234282016754150390625,33.59999847412109375,135,50
2018-6-6,14:54:59,50.90328295715153217315673828125,4.70914489589631557464599609375,33.40000152587890625,134,50
2018-6-6,14:55:4,50.90333911590278148651123046875,4.70911958254873752593994140625,33.59999847412109375,131,49
2018-6-6,14:55:5,50.90334900654852390289306640625,4.709112457931041717529296875,33.59999847412109375,131,49
2018-6-6,14:55:10,50.90340617112815380096435546875,4.7090824507176876068115234375,33.799999237060546875,128,50
2018-6-6,14:55:14,50.90345646254718303680419921875,4.70905906520783901214599609375,33.799999237060546875,125,50
2018-6-6,14:55:23,50.9035432152450084686279296875,4.7089781798422336578369140625,34,123,49
2018-6-6,14:55:27,50.90359711088240146636962890625,4.7089567221701145172119140625,33.799999237060546875,119,49
2018-6-6,14:55:28,50.90360817499458789825439453125,4.708948172628879547119140625,33.799999237060546875,116,49
2018-6-6,14:55:29,50.90361974202096462249755859375,4.70893777906894683837890625,33.799999237060546875,113,49
2018-6-6,14:55:33,50.90367489494383335113525390625,4.7089268825948238372802734375,34.200000762939453125,113,49
2018-6-6,14:55:36,50.9037064947187900543212890625,4.7089081071317195892333984375,34.40000152587890625,116,49
2018-6-6,14:55:40,50.903750248253345489501953125,4.70888237468898296356201171875,35,116,49
2018-6-6,14:55:42,50.90376961044967174530029296875,4.70887483097612857818603515625,35,116,49
2018-6-6,14:55:44,50.90379190631210803985595703125,4.708858989179134368896484375,35.200000762939453125,117,49
2018-6-6,14:55:46,50.90381001122295856475830078125,4.70884901471436023712158203125,35.200000762939453125,117,0
2018-6-6,14:55:58,50.9040020406246185302734375,4.70880710519850254058837890625,35.40000152587890625,118,72
2018-6-6,14:56:4,50.9040390886366367340087890625,4.7086117230355739593505859375,35.799999237060546875,121,73
2018-6-6,14:56:8,50.9039911441504955291748046875,4.7084932029247283935546875,36.200000762939453125,122,73
2018-6-6,14:56:16,50.903896428644657135009765625,4.70823177136480808258056640625,36.200000762939453125,123,72
2018-6-6,14:56:24,50.90380330570042133331298828125,4.7079559229314327239990234375,36,125,73
2018-6-6,14:56:33,50.90368755161762237548828125,4.7077048011124134063720703125,36.40000152587890625,122,73
2018-6-6,14:56:43,50.903594680130481719970703125,4.70749936066567897796630859375,36.200000762939453125,123,42
2018-6-6,14:56:58,50.90358219109475612640380859375,4.7074627317488193511962890625,36.40000152587890625,126,67
2018-6-6,14:57:8,50.903492085635662078857421875,4.70720917917788028717041015625,36.799999237060546875,127,0
2018-6-6,14:57:13,50.9034463204443454742431640625,4.707125611603260040283203125,37,124,72
2018-6-6,14:57:14,50.903431065380573272705078125,4.70709644258022308349609375,37.200000762939453125,124,72
2018-6-6,14:57:23,50.9033182449638843536376953125,4.70683920197188854217529296875,37.40000152587890625,123,72
2018-6-6,14:57:31,50.9032270498573780059814453125,4.70657835714519023895263671875,37.40000152587890625,122,71
2018-6-6,14:57:33,50.90322277508676052093505859375,4.70650292001664638519287109375,37.200000762939453125,123,71
2018-6-6,14:57:35,50.90325529687106609344482421875,4.70644340850412845611572265625,37,123,71
2018-6-6,14:57:39,50.90336610563099384307861328125,4.70638473518192768096923828125,36.200000762939453125,125,78
2018-6-6,14:57:42,50.903475321829319000244140625,4.70641122199594974517822265625,36.40000152587890625,128,77
2018-6-6,14:57:46,50.90362091548740863800048828125,4.706469476222991943359375,36,132,76
2018-6-6,14:57:49,50.90372644364833831787109375,4.7064817138016223907470703125,35.799999237060546875,135,75
2018-6-6,14:57:54,50.903893746435642242431640625,4.7064646147191524505615234375,36.200000762939453125,138,76
2018-6-6,14:57:56,50.9039686806499958038330078125,4.7064656205475330352783203125,36,141,76
2018-6-6,14:58:0,50.9041188843548297882080078125,4.70644927583634853363037109375,36,144,76
2018-6-6,14:58:5,50.9043076448142528533935546875,4.70643435604870319366455078125,36.200000762939453125,146,76
2018-6-6,14:58:11,50.904518030583858489990234375,4.70641206018626689910888671875,36,148,75
2018-6-6,14:58:16,50.9047042764723300933837890625,4.7064198553562164306640625,36.200000762939453125,150,75
2018-6-6,14:58:22,50.9049101360142230987548828125,4.7064273990690708160400390625,36,152,75
2018-6-6,14:58:27,50.90509529225528240203857421875,4.70643335022032260894775390625,36,154,75
2018-6-6,14:58:32,50.9052853100001811981201171875,4.7064252197742462158203125,36,157,74
2018-6-6,14:58:37,50.905465185642242431640625,4.70640686340630054473876953125,36,157,75
2018-6-6,14:58:42,50.9056510962545871734619140625,4.70637802965939044952392578125,36.200000762939453125,158,76
2018-6-6,14:58:48,50.9058581292629241943359375,4.7063724137842655181884765625,36,160,75
2018-6-6,14:58:54,50.90607061050832271575927734375,4.70637316815555095672607421875,36,160,75
2018-6-6,14:59:0,50.90627630241215229034423828125,4.706375934183597564697265625,36.200000762939453125,162,75
2018-6-6,14:59:6,50.90648241341114044189453125,4.70639177598059177398681640625,36.40000152587890625,162,75
2018-6-6,14:59:12,50.90667829848825931549072265625,4.70639772713184356689453125,36.200000762939453125,162,75
2018-6-6,14:59:18,50.90689253993332386016845703125,4.70641516149044036865234375,36.200000762939453125,162,75
2018-6-6,14:59:24,50.90709974057972431182861328125,4.70642765052616596221923828125,36.40000152587890625,164,75
2018-6-6,14:59:29,50.9072869084775447845458984375,4.7064574062824249267578125,36.59999847412109375,164,76
2018-6-6,14:59:35,50.9074977971613407135009765625,4.70646335743367671966552734375,36.200000762939453125,165,76
2018-6-6,14:59:40,50.9076808579266071319580078125,4.70647123642265796661376953125,36.59999847412109375,165,76
2018-6-6,14:59:46,50.90788118541240692138671875,4.70648498274385929107666015625,36.59999847412109375,167,76
2018-6-6,14:59:52,50.90808494947850704193115234375,4.70649990253150463104248046875,36.59999847412109375,167,76
2018-6-6,14:59:58,50.90828955173492431640625,4.7064579091966152191162109375,36.59999847412109375,167,76
2018-6-6,15:0:3,50.9084741212427616119384765625,4.7064324282109737396240234375,36.59999847412109375,167,76
2018-6-6,15:0:9,50.90868207626044750213623046875,4.70637819729745388031005859375,36.40000152587890625,167,76
2018-6-6,15:0:14,50.90886161662638187408447265625,4.70632321201264858245849609375,36.59999847412109375,167,76
2018-6-6,15:0:20,50.90904987417161464691162109375,4.70627258531749248504638671875,36.40000152587890625,168,76
2018-6-6,15:0:26,50.90924768708646297454833984375,4.7062054462730884552001953125,36.200000762939453125,167,75
2018-6-6,15:0:32,50.90945103205740451812744140625,4.70613495446741580963134765625,36,168,75
2018-6-6,15:0:37,50.90963543392717838287353515625,4.70608818344771862030029296875,35.799999237060546875,168,76
2018-6-6,15:0:42,50.90982570312917232513427734375,4.70601660199463367462158203125,36.200000762939453125,169,75
2018-6-6,15:0:48,50.91003592126071453094482421875,4.70596128143370151519775390625,36.200000762939453125,169,75
2018-6-6,15:0:54,50.91024613939225673675537109375,4.70593026839196681976318359375,36.200000762939453125,169,75
2018-6-6,15:1:0,50.910461135208606719970703125,4.70586556009948253631591796875,36.200000762939453125,169,76
2018-6-6,15:1:4,50.9106029570102691650390625,4.70582499168813228607177734375,36.40000152587890625,169,75
2018-6-6,15:1:12,50.910776294767856597900390625,4.70580722205340862274169921875,36.40000152587890625,168,42
2018-6-6,15:1:14,50.910787694156169891357421875,4.7058316133916378021240234375,36.40000152587890625,166,46
2018-6-6,15:1:21,50.91085500083863735198974609375,4.7058715112507343292236328125,36.200000762939453125,163,49
2018-6-6,15:1:22,50.91086824424564838409423828125,4.705871678888797760009765625,36.200000762939453125,163,49
2018-6-6,15:1:25,50.9108912944793701171875,4.7058624587953090667724609375,36,161,49
2018-6-6,15:1:29,50.91092725284397602081298828125,4.70585030503571033477783203125,36,159,49
2018-6-6,15:1:34,50.91097989119589328765869140625,4.70584829337894916534423828125,36.40000152587890625,156,49
2018-6-6,15:1:37,50.91102163307368755340576171875,4.70584452152252197265625,36.200000762939453125,153,48
2018-6-6,15:1:43,50.911090113222599029541015625,4.7058404982089996337890625,36.200000762939453125,150,48
2018-6-6,15:1:45,50.91110654175281524658203125,4.70582935027778148651123046875,36.200000762939453125,150,49
2018-6-6,15:1:49,50.91115172021090984344482421875,4.705823399126529693603515625,36.200000762939453125,147,47
2018-6-6,15:1:51,50.91116948984563350677490234375,4.705814681947231292724609375,36.200000762939453125,144,48
2018-6-6,15:1:54,50.91120167635381221771240234375,4.70581166446208953857421875,36.200000762939453125,141,48
2018-6-6,15:1:56,50.91122564859688282012939453125,4.70581660978496074676513671875,36.200000762939453125,141,48
2018-6-6,15:2:1,50.9112860821187496185302734375,4.7058081440627574920654296875,36.200000762939453125,134,50
2018-6-6,15:2:3,50.9112994931638240814208984375,4.70579682849347591400146484375,36.200000762939453125,131,50
2018-6-6,15:2:6,50.91134752146899700164794921875,4.70579381100833415985107421875,36.200000762939453125,134,50
2018-6-6,15:2:8,50.91136747039854526519775390625,4.7057796455919742584228515625,36,134,50
2018-6-6,15:2:10,50.9113853238523006439208984375,4.70577436499297618865966796875,36.40000152587890625,134,50
2018-6-6,15:2:13,50.91142438352108001708984375,4.705777801573276519775390625,36.40000152587890625,128,49
2018-6-6,15:2:14,50.9114366210997104644775390625,4.70577771775424480438232421875,36.40000152587890625,129,49
2018-6-6,15:2:21,50.91152496635913848876953125,4.7057715989649295806884765625,36.200000762939453125,127,49
2018-6-6,15:2:23,50.9115526266396045684814453125,4.705775789916515350341796875,36.200000762939453125,123,48
2018-6-6,15:2:31,50.91163870878517627716064453125,4.705748297274112701416015625,36.200000762939453125,122,49
2018-6-6,15:2:36,50.91170199215412139892578125,4.7057477943599224090576171875,36.200000762939453125,120,50
2018-6-6,15:2:40,50.91175421141088008880615234375,4.7057280130684375762939453125,36.200000762939453125,121,50
2018-6-6,15:2:42,50.91177717782557010650634765625,4.70572717487812042236328125,36.200000762939453125,120,50
2018-6-6,15:2:44,50.91179528273642063140869140625,4.70572440885007381439208984375,36.40000152587890625,119,50
2018-6-6,15:2:54,50.91190760023891925811767578125,4.7056847624480724334716796875,36.40000152587890625,116,49
2018-6-6,15:2:56,50.91192587278783321380615234375,4.70567311160266399383544921875,36.200000762939453125,117,49
2018-6-6,15:3:3,50.91201053000986576080322265625,4.7056581079959869384765625,36.200000762939453125,116,49
2018-6-6,15:3:10,50.91208512894809246063232421875,4.70563539303839206695556640625,36.59999847412109375,113,50
2018-6-6,15:3:13,50.91211882419884204864501953125,4.70561611466109752655029296875,36.40000152587890625,112,50
2018-6-6,15:3:15,50.91214983724057674407958984375,4.70561611466109752655029296875,36.40000152587890625,113,49
2018-6-6,15:3:30,50.91233205981552600860595703125,4.70558560453355312347412109375,36.40000152587890625,111,49
2018-6-6,15:3:41,50.91247539035975933074951171875,4.70555509440600872039794921875,36.200000762939453125,110,49
2018-6-6,15:3:49,50.912572704255580902099609375,4.7055405937135219573974609375,36.200000762939453125,110,48
2018-6-6,15:3:56,50.912650488317012786865234375,4.705518297851085662841796875,36.59999847412109375,112,48
2018-6-6,15:3:57,50.91266197152435779571533203125,4.705516286194324493408203125,36.40000152587890625,112,48
2018-6-6,15:3:59,50.9126851893961429595947265625,4.70551033504307270050048828125,36.59999847412109375,110,48
2018-6-6,15:4:12,50.91281435452401638031005859375,4.70546021126210689544677734375,36.799999237060546875,109,0
2018-6-6,15:4:17,50.9128742851316928863525390625,4.70544445328414440155029296875,36.40000152587890625,109,0
2018-6-6,15:4:19,50.91289683245122432708740234375,4.7054301202297210693359375,36.59999847412109375,109,0
2018-6-6,15:4:21,50.91292239725589752197265625,4.7054302878677845001220703125,36.40000152587890625,109,46
2018-6-6,15:4:23,50.9129393287003040313720703125,4.70542986877262592315673828125,36.40000152587890625,110,45
2018-6-6,15:4:28,50.9129061363637447357177734375,4.70540924929082393646240234375,36.200000762939453125,109,46
2018-6-6,15:4:32,50.91286364011466503143310546875,4.70542182214558124542236328125,36,112,48
2018-6-6,15:4:36,50.91280614025890827178955078125,4.705427773296833038330078125,36.200000762939453125,113,49
2018-6-6,15:4:40,50.9127193875610828399658203125,4.70544286072254180908203125,36.40000152587890625,116,78
2018-6-6,15:4:43,50.9126177988946437835693359375,4.705460965633392333984375,35.799999237060546875,119,77
2018-6-6,15:4:45,50.912547223269939422607421875,4.70550295896828174591064453125,35.799999237060546875,122,77
2018-6-6,15:4:48,50.912439264357089996337890625,4.7055506519973278045654296875,36.200000762939453125,125,77
2018-6-6,15:4:49,50.91240473091602325439453125,4.7055647335946559906005859375,36,128,77
2018-6-6,15:4:52,50.91228746809065341949462890625,4.70561318099498748779296875,36,131,77
2018-6-6,15:4:54,50.9122069180011749267578125,4.705642350018024444580078125,36,134,77
2018-6-6,15:4:57,50.91208948753774166107177734375,4.70569138415157794952392578125,36.200000762939453125,137,77
2018-6-6,15:5:0,50.91197750531136989593505859375,4.7057303600013256072998046875,36.40000152587890625,140,77
2018-6-6,15:5:4,50.9118181653320789337158203125,4.705766402184963226318359375,36.200000762939453125,144,77
2018-6-6,15:5:8,50.91166502796113491058349609375,4.7058061324059963226318359375,36.200000762939453125,147,77
2018-6-6,15:5:13,50.91147006489336490631103515625,4.705831445753574371337890625,36.40000152587890625,148,76
2018-6-6,15:5:18,50.9112867526710033416748046875,4.70587494783103466033935546875,36.40000152587890625,146,75
2018-6-6,15:5:23,50.9111072123050689697265625,4.705908559262752532958984375,36.200000762939453125,149,76
2018-6-6,15:5:26,50.911001265048980712890625,4.70592699944972991943359375,36,152,76
2018-6-6,15:5:30,50.91085885651409626007080078125,4.7059571743011474609375,35.799999237060546875,155,76
2018-6-6,15:5:36,50.91065936721861362457275390625,4.7060029394924640655517578125,35.799999237060546875,158,75
2018-6-6,15:5:39,50.9105608798563480377197265625,4.70602582208812236785888671875,36,161,75
2018-6-6,15:5:46,50.9103536792099475860595703125,4.70605968497693538665771484375,36,162,75
2018-6-6,15:5:52,50.910167433321475982666015625,4.706099331378936767578125,35.799999237060546875,163,76
2018-6-6,15:5:58,50.90997037477791309356689453125,4.70615792088210582733154296875,35.799999237060546875,164,75
2018-6-6,15:6:4,50.90976543724536895751953125,4.7062104754149913787841796875,35.799999237060546875,165,76
2018-6-6,15:6:10,50.9095731563866138458251953125,4.70626470632851123809814453125,35.799999237060546875,165,75
2018-6-6,15:6:16,50.9093595854938030242919921875,4.70633427612483501434326171875,36,166,74
2018-6-6,15:6:22,50.90915129519999027252197265625,4.70638507045805454254150390625,36.200000762939453125,166,75
2018-6-6,15:6:28,50.90894660912454128265380859375,4.70642530359327793121337890625,35.799999237060546875,166,75
2018-6-6,15:6:34,50.90873681008815765380859375,4.70646721310913562774658203125,35.799999237060546875,166,75
2018-6-6,15:6:40,50.90853421948850154876708984375,4.7065269760787487030029296875,35.59999847412109375,167,75
2018-6-6,15:6:46,50.90833020396530628204345703125,4.70657332800328731536865234375,35.799999237060546875,167,75
2018-6-6,15:6:52,50.90811780653893947601318359375,4.7066027484834194183349609375,36,167,75
2018-6-6,15:6:57,50.90793357230722904205322265625,4.70661632716655731201171875,36.200000762939453125,168,75
2018-6-6,15:7:3,50.9077194146811962127685546875,4.70664021559059619903564453125,36,168,74
2018-6-6,15:7:8,50.9075299836695194244384765625,4.70664180815219879150390625,36,168,74
2018-6-6,15:7:13,50.9073492698371410369873046875,4.70664574764668941497802734375,36,168,74
2018-6-6,15:7:19,50.90716009028255939483642578125,4.70663384534418582916259765625,36,168,75
2018-6-6,15:7:25,50.90695154853165149688720703125,4.70662831328809261322021484375,36,168,75
2018-6-6,15:7:31,50.90675474144518375396728515625,4.7065957076847553253173828125,35.799999237060546875,168,75
2018-6-6,15:7:37,50.90653765015304088592529296875,4.7065916843712329864501953125,35.799999237060546875,168,76
2018-6-6,15:7:43,50.9063179604709148406982421875,4.706587828695774078369140625,35.799999237060546875,169,76
2018-6-6,15:7:48,50.90612626634538173675537109375,4.7065873257815837860107421875,35.799999237060546875,169,76
2018-6-6,15:7:54,50.9059283696115016937255859375,4.7065993957221508026123046875,35.799999237060546875,169,75
2018-6-6,15:8:0,50.90572007931768894195556640625,4.7065873257815837860107421875,35.799999237060546875,169,75
2018-6-6,15:8:6,50.90550902299582958221435546875,4.7065511159598827362060546875,36,170,79
2018-6-6,15:8:11,50.90538715012371540069580078125,4.7065561451017856597900390625,35.799999237060546875,169,72
2018-6-6,15:8:14,50.90536200441420078277587890625,4.70655354671180248260498046875,35.799999237060546875,169,49
2018-6-6,15:8:16,50.90534205548465251922607421875,4.70654533244669437408447265625,35.799999237060546875,166,50
2018-6-6,15:8:21,50.90529712848365306854248046875,4.70652890391647815704345703125,35.799999237060546875,164,50
2018-6-6,15:8:24,50.90526443906128406524658203125,4.70651515759527683258056640625,35.799999237060546875,164,50
2018-6-6,15:8:27,50.90523158200085163116455078125,4.7065085358917713165283203125,35.799999237060546875,162,50
2018-6-6,15:8:30,50.90520174242556095123291015625,4.7064941190183162689208984375,35.799999237060546875,160,49
2018-6-6,15:8:37,50.90512177906930446624755859375,4.70651381649076938629150390625,35.799999237060546875,157,49
2018-6-6,15:8:41,50.90507182292640209197998046875,4.70651834271848201751708984375,35.799999237060546875,154,49
2018-6-6,15:8:44,50.90503812767565250396728515625,4.70651599578559398651123046875,35.799999237060546875,152,49
2018-6-6,15:8:48,50.90498984791338443756103515625,4.70651515759527683258056640625,35.799999237060546875,149,49
2018-6-6,15:8:51,50.90495263226330280303955078125,4.7065244615077972412109375,35.59999847412109375,145,49
2018-6-6,15:8:54,50.90491541661322116851806640625,4.70652705989778041839599609375,35.40000152587890625,142,50
2018-6-6,15:8:58,50.90486428700387477874755859375,4.70652555115520954132080078125,35.40000152587890625,141,50
2018-6-6,15:8:59,50.9048517979681491851806640625,4.70652622170746326446533203125,35.40000152587890625,140,50
2018-6-6,15:9:1,50.904830507934093475341796875,4.7065303288400173187255859375,35.40000152587890625,137,50
2018-6-6,15:9:2,50.90482003055512905120849609375,4.70653141848742961883544921875,35.40000152587890625,137,50
2018-6-6,15:9:5,50.90478549711406230926513671875,4.70652513206005096435546875,35.59999847412109375,134,50
2018-6-6,15:9:11,50.9047133289277553558349609375,4.7065222822129726409912109375,35.59999847412109375,131,50
2018-6-6,15:9:15,50.904666893184185028076171875,4.70652085728943347930908203125,35.59999847412109375,128,50
2018-6-6,15:9:27,50.90451098978519439697265625,4.7065273113548755645751953125,35.59999847412109375,125,50
2018-6-6,15:9:34,50.90442541055381298065185546875,4.7065417282283306121826171875,35.799999237060546875,122,49
2018-6-6,15:9:37,50.90439238585531711578369140625,4.70654734410345554351806640625,35.799999237060546875,119,50
2018-6-6,15:9:45,50.90429347939789295196533203125,4.70655270852148532867431640625,35.40000152587890625,119,50
2018-6-6,15:9:55,50.904149226844310760498046875,4.7065413929522037506103515625,35.59999847412109375,118,50
2018-6-6,15:10:3,50.9040595404803752899169921875,4.70654868520796298980712890625,35.799999237060546875,115,50
2018-6-6,15:10:9,50.90398737229406833648681640625,4.7065454162657260894775390625,35.59999847412109375,115,50
2018-6-6,15:10:17,50.903878323733806610107421875,4.7065105475485324859619140625,35.59999847412109375,112,50
2018-6-6,15:10:18,50.903866924345493316650390625,4.7065105475485324859619140625,35.59999847412109375,112,49
2018-6-6,15:10:19,50.90385460294783115386962890625,4.706512056291103363037109375,35.59999847412109375,112,50
2018-6-6,15:10:22,50.903829373419284820556640625,4.70651415176689624786376953125,35.59999847412109375,113,50
2018-6-6,15:10:24,50.9037981927394866943359375,4.70650426112115383148193359375,35.59999847412109375,114,50
2018-6-6,15:10:38,50.9036541916429996490478515625,4.70649738796055316925048828125,35.59999847412109375,114,49
2018-6-6,15:10:52,50.90354581363499164581298828125,4.70644441433250904083251953125,36.40000152587890625,115,46
2018-6-6,15:10:55,50.90352251194417476654052734375,4.7064113058149814605712890625,36.59999847412109375,111,46
2018-6-6,15:11:5,50.903405584394931793212890625,4.706348441541194915771484375,36.40000152587890625,113,0
2018-6-6,15:11:8,50.90335370041429996490478515625,4.706346429884433746337890625,36.40000152587890625,114,47
2018-6-6,15:11:20,50.90319762937724590301513671875,4.7063700668513774871826171875,36.40000152587890625,115,51
2018-6-6,15:11:21,50.90318262577056884765625,4.70634274184703826904296875,36.40000152587890625,119,73
2018-6-6,15:11:24,50.9031301550567150115966796875,4.70625733025372028350830078125,36,122,74
2018-6-6,15:11:27,50.9030661173164844512939453125,4.70617242157459259033203125,36,125,74
2018-6-6,15:11:30,50.90298992581665515899658203125,4.70611651428043842315673828125,35.799999237060546875,127,73
2018-6-6,15:11:37,50.90282480232417583465576171875,4.70608416013419628143310546875,35.200000762939453125,126,72
2018-6-6,15:11:41,50.90276009403169155120849609375,4.7060867585241794586181640625,35,124,59
2018-6-6,15:11:55,50.90257954783737659454345703125,4.7061360441148281097412109375,35.200000762939453125,124,51
2018-6-6,15:11:56,50.902564711868762969970703125,4.70614132471382617950439453125,35,121,51
2018-6-6,15:12:2,50.9024891071021556854248046875,4.70616730861365795135498046875,35.200000762939453125,118,51
2018-6-6,15:12:9,50.90239849872887134552001953125,4.70619094558060169219970703125,35.200000762939453125,115,51
2018-6-6,15:12:19,50.902273692190647125244140625,4.7062294185161590576171875,35.200000762939453125,114,51
2018-6-6,15:12:34,50.90208367444574832916259765625,4.70623587258160114288330078125,35.40000152587890625,112,50
2018-6-6,15:12:39,50.90202500112354755401611328125,4.70623503439128398895263671875,35.59999847412109375,113,52
2018-6-6,15:12:51,50.901888795197010040283203125,4.706260263919830322265625,35.799999237060546875,113,50
2018-6-6,15:12:52,50.90188519097864627838134765625,4.70625917427241802215576171875,35.799999237060546875,113,0
2018-6-6,15:12:53,50.90188301168382167816162109375,4.70626118592917919158935546875,36.40000152587890625,116,48
2018-6-6,15:12:59,50.9018591232597827911376953125,4.7064042650163173675537109375,36,118,71
2018-6-6,15:13:1,50.9018540941178798675537109375,4.70646788366138935089111328125,36.200000762939453125,121,72
2018-6-6,15:13:5,50.9017669223248958587646484375,4.70648825168609619140625,35.799999237060546875,124,72
2018-6-6,15:13:7,50.90170682407915592193603515625,4.706481210887432098388671875,36,127,73
2018-6-6,15:13:10,50.90162216685712337493896484375,4.70649152062833309173583984375,36,131,73
2018-6-6,15:13:14,50.90150616131722927093505859375,4.70653946511447429656982421875,36,132,73
2018-6-6,15:13:16,50.901453606784343719482421875,4.7065413929522037506103515625,36,135,76
2018-6-6,15:13:20,50.901323854923248291015625,4.70649085007607936859130859375,36,138,75
2018-6-6,15:13:23,50.9012086875736713409423828125,4.70648045651614665985107421875,35.799999237060546875,141,75
2018-6-6,15:13:26,50.9010953642427921295166015625,4.706461094319820404052734375,35.799999237060546875,144,75
2018-6-6,15:13:30,50.9009381197392940521240234375,4.706461764872074127197265625,36,147,75
2018-6-6,15:13:34,50.9007902629673480987548828125,4.70647945068776607513427734375,35.799999237060546875,149,75
2018-6-6,15:13:39,50.9006009995937347412109375,4.706478528678417205810546875,36,147,74
2018-6-6,15:13:45,50.90040058828890323638916015625,4.7064512036740779876708984375,36,149,74
2018-6-6,15:13:51,50.9002162702381610870361328125,4.70643737353384494781494140625,36.200000762939453125,152,74
2018-6-6,15:13:54,50.90012063272297382354736328125,4.7064555622637271881103515625,36,155,74
2018-6-6,15:13:57,50.90000764466822147369384765625,4.70646612346172332763671875,35.799999237060546875,157,74
2018-6-6,15:14:3,50.89980396442115306854248046875,4.7064753435552120208740234375,36,160,74
2018-6-6,15:14:8,50.8996157906949520111083984375,4.70647257752716541290283203125,35.799999237060546875,162,75
2018-6-6,15:14:13,50.899414457380771636962890625,4.706451036036014556884765625,36.200000762939453125,164,76
2018-6-6,15:14:19,50.89919527061283588409423828125,4.7064391337335109710693359375,36.200000762939453125,165,76
2018-6-6,15:14:24,50.89901455678045749664306640625,4.7064364515244960784912109375,35.799999237060546875,165,76
2018-6-6,15:14:30,50.898799896240234375,4.7064579091966152191162109375,35.799999237060546875,167,75
2018-6-6,15:14:35,50.898617841303348541259765625,4.706476517021656036376953125,35.799999237060546875,168,75
2018-6-6,15:14:40,50.89843436144292354583740234375,4.706483222544193267822265625,36,168,75
2018-6-6,15:14:45,50.898250043392181396484375,4.70649504102766513824462890625,36.200000762939453125,168,75
2018-6-6,15:14:51,50.89802985079586505889892578125,4.70646888948976993560791015625,36.40000152587890625,169,75
2018-6-6,15:14:56,50.8978485502302646636962890625,4.7064351104199886322021484375,36.200000762939453125,169,75
2018-6-6,15:15:1,50.897664986550807952880859375,4.70643527805805206298828125,36.40000152587890625,170,76
2018-6-6,15:15:6,50.89747488498687744140625,4.70643904991447925567626953125,36.40000152587890625,170,76
2018-6-6,15:15:11,50.89727765880525112152099609375,4.7064314223825931549072265625,36.59999847412109375,171,76
2018-6-6,15:15:17,50.8970841206610202789306640625,4.7064156644046306610107421875,36.59999847412109375,171,76
2018-6-6,15:15:23,50.896874405443668365478515625,4.7064118087291717529296875,36.200000762939453125,172,76
2018-6-6,15:15:28,50.8966841362416744232177734375,4.7064091265201568603515625,36.59999847412109375,172,76
2018-6-6,15:15:33,50.89648992754518985748291015625,4.706392027437686920166015625,36.200000762939453125,173,76
2018-6-6,15:15:38,50.896302424371242523193359375,4.706393368542194366455078125,36.200000762939453125,172,76
2018-6-6,15:15:43,50.89610704220831394195556640625,4.70638423226773738861083984375,36,173,77
2018-6-6,15:15:48,50.89592163451015949249267578125,4.70638724975287914276123046875,36.40000152587890625,173,77
2018-6-6,15:15:54,50.89570253156125545501708984375,4.706390686333179473876953125,35.59999847412109375,173,76
2018-6-6,15:16:0,50.8954841829836368560791015625,4.70637232996523380279541015625,35.799999237060546875,174,76
2018-6-6,15:16:5,50.895301960408687591552734375,4.7063740901648998260498046875,36.200000762939453125,174,76
2018-6-6,15:16:11,50.8950929157435894012451171875,4.70638138242065906524658203125,36.200000762939453125,174,76
2018-6-6,15:16:16,50.89490599930286407470703125,4.70635590143501758575439453125,36.200000762939453125,175,76
2018-6-6,15:16:21,50.8947318233549594879150390625,4.70628364942967891693115234375,36.40000152587890625,175,76
2018-6-6,15:16:27,50.89454046450555324554443359375,4.706128500401973724365234375,36.200000762939453125,175,76
2018-6-6,15:16:32,50.8943925239145755767822265625,4.7059452719986438751220703125,36,175,76
2018-6-6,15:16:37,50.89422949589788913726806640625,4.70580118708312511444091796875,36.40000152587890625,173,76
2018-6-6,15:16:45,50.894072167575359344482421875,4.70576941967010498046875,36.40000152587890625,171,50
2018-6-6,15:16:49,50.89404006488621234893798828125,4.70576162450015544891357421875,36.40000152587890625,171,50
2018-6-6,15:16:50,50.89403017424046993255615234375,4.70575827173888683319091796875,36.40000152587890625,169,50
2018-6-6,15:16:56,50.893972255289554595947265625,4.705750644207000732421875,36,168,50
2018-6-6,15:17:0,50.8939375542104244232177734375,4.705772101879119873046875,36.40000152587890625,165,50
2018-6-6,15:17:5,50.8938875980675220489501953125,4.705796577036380767822265625,36.200000762939453125,162,56
2018-6-6,15:17:11,50.8938279189169406890869140625,4.705841504037380218505859375,36.40000152587890625,159,50
2018-6-6,15:17:17,50.89376228861510753631591796875,4.70591048710048198699951171875,36.200000762939453125,156,50
2018-6-6,15:17:20,50.89373077265918254852294921875,4.7059533186256885528564453125,36.200000762939453125,153,50
2018-6-6,15:17:23,50.89370328001677989959716796875,4.70597418956458568572998046875,36.200000762939453125,150,50
2018-6-6,15:17:28,50.89365818537771701812744140625,4.70602984540164470672607421875,36.40000152587890625,147,50
2018-6-6,15:17:33,50.89361174963414669036865234375,4.70608164556324481964111328125,36.40000152587890625,142,50
2018-6-6,15:17:38,50.89355072937905788421630859375,4.70613487064838409423828125,36.59999847412109375,139,50
2018-6-6,15:17:40,50.89353379793465137481689453125,4.70615188591182231903076171875,36.40000152587890625,136,50
2018-6-6,15:17:48,50.893453247845172882080078125,4.70623604021966457366943359375,36.59999847412109375,133,48
2018-6-6,15:17:51,50.89342500083148479461669921875,4.70626085065305233001708984375,37,132,49
2018-6-6,15:17:57,50.8933501504361629486083984375,4.706292785704135894775390625,36.799999237060546875,130,49
2018-6-6,15:17:59,50.89332760311663150787353515625,4.70630393363535404205322265625,36.799999237060546875,127,49
2018-6-6,15:18:1,50.89330446906387805938720703125,4.70631030388176441192626953125,36.799999237060546875,127,49
2018-6-6,15:18:3,50.89327923953533172607421875,4.70631952397525310516357421875,36.799999237060546875,124,49
2018-6-6,15:18:17,50.8930936641991138458251953125,4.70632656477391719818115234375,37,122,49
2018-6-6,15:18:26,50.89298629201948642730712890625,4.7063140757381916046142578125,36.799999237060546875,121,49
2018-6-6,15:18:32,50.892907083034515380859375,4.7063130699098110198974609375,36.799999237060546875,120,48
2018-6-6,15:18:35,50.892875902354717254638671875,4.70631214790046215057373046875,36.799999237060546875,119,47
2018-6-6,15:18:44,50.8927637524902820587158203125,4.706304855644702911376953125,37,122,58
2018-6-6,15:18:46,50.8927241899073123931884765625,4.70630963332951068878173828125,37.200000762939453125,123,73
2018-6-6,15:18:54,50.8925287239253520965576171875,4.70632220618426799774169921875,37,126,72
2018-6-6,15:19:1,50.89236862957477569580078125,4.7063388861715793609619140625,37.200000762939453125,128,73
2018-6-6,15:19:9,50.8921750076115131378173828125,4.70631198026239871978759765625,37.200000762939453125,130,73
2018-6-6,15:19:17,50.89199186302721500396728515625,4.70630460418760776519775390625,37,133,72
2018-6-6,15:19:26,50.89179706759750843048095703125,4.7062859125435352325439453125,37,136,72
2018-6-6,15:19:33,50.89163613505661487579345703125,4.70630225725471973419189453125,37,139,74
2018-6-6,15:19:42,50.89144066907465457916259765625,4.7063050232827663421630859375,37,139,73
2018-6-6,15:19:50,50.8912613801658153533935546875,4.70626093447208404541015625,37.40000152587890625,139,73
2018-6-6,15:19:58,50.891067422926425933837890625,4.70625959336757659912109375,37.200000762939453125,139,73
2018-6-6,15:19:59,50.8910416066646575927734375,4.7062600962817668914794921875,37.40000152587890625,138,73
2018-6-6,15:20:8,50.890837423503398895263671875,4.70624408684670925140380859375,37.59999847412109375,138,73
2018-6-6,15:20:16,50.890637598931789398193359375,4.706255234777927398681640625,37.59999847412109375,138,73
2018-6-6,15:20:24,50.89044523425400257110595703125,4.70626872964203357696533203125,37.59999847412109375,140,73
2018-6-6,15:20:32,50.89024675078690052032470703125,4.7062751837074756622314453125,37.799999237060546875,142,73
2018-6-6,15:20:36,50.8901539631187915802001953125,4.7062885947525501251220703125,37.59999847412109375,145,72
2018-6-6,15:20:43,50.8899943716824054718017578125,4.70629714429378509521484375,37.799999237060546875,146,73
2018-6-6,15:20:52,50.88979228399693965911865234375,4.70628918148577213287353515625,37.40000152587890625,146,73
2018-6-6,15:20:59,50.8896168507635593414306640625,4.70628716982901096343994140625,37.40000152587890625,145,72
2018-6-6,15:21:7,50.8894170261919498443603515625,4.70629270188510417938232421875,37.40000152587890625,145,73
2018-6-6,15:21:8,50.8893959037959575653076171875,4.706304185092449188232421875,37.59999847412109375,146,73
2018-6-6,15:21:16,50.889208652079105377197265625,4.70631751231849193572998046875,37,146,73
2018-6-6,15:21:24,50.8890173770487308502197265625,4.70632530748844146728515625,37,148,73
2018-6-6,15:21:33,50.88881696574389934539794921875,4.70630644820630550384521484375,37,148,72
2018-6-6,15:21:41,50.88862560689449310302734375,4.70628465525805950164794921875,37.200000762939453125,147,73
2018-6-6,15:21:49,50.8884366787970066070556640625,4.70627845264971256256103515625,37.200000762939453125,147,73
2018-6-6,15:21:57,50.88824867270886898040771484375,4.70628582872450351715087890625,37.40000152587890625,144,72
2018-6-6,15:22:2,50.8881476707756519317626953125,4.7062964737415313720703125,37.200000762939453125,141,72
2018-6-6,15:22:6,50.888065360486507415771484375,4.70631189644336700439453125,37.40000152587890625,140,73
2018-6-6,15:22:11,50.88797642849385738372802734375,4.7063077054917812347412109375,37.40000152587890625,143,71
2018-6-6,15:22:16,50.887952037155628204345703125,4.706464111804962158203125,37.40000152587890625,142,72
2018-6-6,15:22:26,50.88795396499335765838623046875,4.70674934796988964080810546875,37,142,71
2018-6-6,15:22:34,50.88796150870621204376220703125,4.7070463187992572784423828125,37.40000152587890625,142,73
2018-6-6,15:22:35,50.8879468403756618499755859375,4.70706651918590068817138671875,37.40000152587890625,144,73
2018-6-6,15:22:43,50.887802504003047943115234375,4.7072776593267917633056640625,37.59999847412109375,145,72
2018-6-6,15:22:51,50.88770334608852863311767578125,4.70751914195716381072998046875,38,147,72
2018-6-6,15:22:59,50.887605361640453338623046875,4.70776221714913845062255859375,38.200000762939453125,149,72
2018-6-6,15:23:4,50.88755833916366100311279296875,4.7079016081988811492919921875,38.200000762939453125,150,72
2018-6-6,15:23:10,50.88748625479638576507568359375,4.70808709971606731414794921875,38.40000152587890625,150,73
2018-6-6,15:23:19,50.88738215155899524688720703125,4.70834492705762386322021484375,38.40000152587890625,149,72
2018-6-6,15:23:27,50.88727737776935100555419921875,4.7085869126021862030029296875,38.799999237060546875,149,72
2018-6-6,15:23:35,50.88717319071292877197265625,4.7088365256786346435546875,38.799999237060546875,150,72
2018-6-6,15:23:43,50.88704486377537250518798828125,4.7090556286275386810302734375,39,150,72
2018-6-6,15:23:45,50.887001194059848785400390625,4.7090891562402248382568359375,39.40000152587890625,147,72
2018-6-6,15:23:53,50.88687303476035594940185546875,4.70929375849664211273193359375,39,148,72
2018-6-6,15:24:1,50.8867795765399932861328125,4.709537923336029052734375,39.40000152587890625,147,72
2018-6-6,15:24:9,50.88666516356170177459716796875,4.70979885198175907135009765625,39.799999237060546875,146,73
2018-6-6,15:24:18,50.88656927458941936492919921875,4.710056595504283905029296875,40.200000762939453125,147,72
2018-6-6,15:24:27,50.88647338561713695526123046875,4.7103085555136203765869140625,40.40000152587890625,148,72
2018-6-6,15:24:30,50.886427871882915496826171875,4.71038759686052799224853515625,40.40000152587890625,146,72
2018-6-6,15:24:40,50.8863120339810848236083984375,4.71052153967320919036865234375,40.200000762939453125,145,51
2018-6-6,15:24:43,50.88630490936338901519775390625,4.71057183109223842620849609375,40.40000152587890625,145,51
2018-6-6,15:24:44,50.88630172424018383026123046875,4.7105906903743743896484375,40.40000152587890625,146,51
2018-6-6,15:24:46,50.88630088604986667633056640625,4.71061776392161846160888671875,40.200000762939453125,143,43
2018-6-6,15:24:53,50.88629820384085178375244140625,4.71061709336936473846435546875,40.799999237060546875,140,0
2018-6-6,15:24:57,50.8862940967082977294921875,4.71062346361577510833740234375,40.200000762939453125,137,0
2018-6-6,15:25:9,50.8862860500812530517578125,4.71062581054866313934326171875,40.59999847412109375,136,59
2018-6-6,15:25:14,50.88625528849661350250244140625,4.71067241393029689788818359375,40.40000152587890625,132,53
2018-6-6,15:25:22,50.88619225658476352691650390625,4.710811637341976165771484375,40.200000762939453125,132,52
2018-6-6,15:25:23,50.88618303649127483367919921875,4.71083183772861957550048828125,40.200000762939453125,129,52
2018-6-6,15:25:28,50.88613173924386501312255859375,4.71094608306884765625,40.200000762939453125,126,52
2018-6-6,15:25:34,50.8860741555690765380859375,4.71107943914830684661865234375,40.200000762939453125,123,52
2018-6-6,15:25:46,50.88600198738276958465576171875,4.7113068401813507080078125,40.200000762939453125,122,51
2018-6-6,15:25:51,50.88597700931131839752197265625,4.71139275468885898590087890625,40,124,52
2018-6-6,15:25:54,50.88595286943018436431884765625,4.71144069917500019073486328125,39.799999237060546875,124,51
2018-6-6,15:25:56,50.8859335072338581085205078125,4.71147975884377956390380859375,39.799999237060546875,124,51
2018-6-6,15:25:57,50.8859274722635746002197265625,4.71149501390755176544189453125,39.799999237060546875,124,51
2018-6-6,15:26:1,50.88591163046658039093017578125,4.71156575717031955718994140625,39.799999237060546875,122,51
2018-6-6,15:26:17,50.8858166635036468505859375,4.7118276916444301605224609375,40,121,50
2018-6-6,15:26:18,50.885806269943714141845703125,4.71185040660202503204345703125,40.200000762939453125,124,73
2018-6-6,15:26:22,50.88575840927660465240478515625,4.711968004703521728515625,40.200000762939453125,127,72
2018-6-6,15:26:29,50.8856718242168426513671875,4.71219892613589763641357421875,40.200000762939453125,129,73
2018-6-6,15:26:37,50.885582976043224334716796875,4.71245004795491695404052734375,40.40000152587890625,132,72
2018-6-6,15:26:43,50.885495804250240325927734375,4.71265071071684360504150390625,40.40000152587890625,134,73
2018-6-6,15:26:51,50.8853709138929843902587890625,4.7128683887422084808349609375,40,134,72
2018-6-6,15:26:54,50.8853303454816341400146484375,4.71295966766774654388427734375,39.40000152587890625,136,72
2018-6-6,15:27:2,50.88523663580417633056640625,4.71320995129644870758056640625,39.40000152587890625,139,72
2018-6-6,15:27:7,50.88518039323389530181884765625,4.71336417831480503082275390625,39.799999237060546875,142,72
2018-6-6,15:27:15,50.88506170548498630523681640625,4.71361462958157062530517578125,39.799999237060546875,143,72
2018-6-6,15:27:23,50.88496129028499126434326171875,4.71385820768773555755615234375,39.59999847412109375,143,72
2018-6-6,15:27:32,50.884910412132740020751953125,4.714079909026622772216796875,39.59999847412109375,142,56
2018-6-6,15:27:40,50.8848793990910053253173828125,4.71436715684831142425537109375,39.59999847412109375,141,72
2018-6-6,15:27:48,50.88477269746363162994384765625,4.71460872329771518707275390625,39.799999237060546875,141,72
2018-6-6,15:27:56,50.8846540935337543487548828125,4.71473679877817630767822265625,39.799999237060546875,139,58
2018-6-6,15:28:0,50.88457136414945125579833984375,4.71467502415180206298828125,40,141,69
2018-6-6,15:28:5,50.8844556100666522979736328125,4.7146470285952091217041015625,40.40000152587890625,141,71
2018-6-6,15:28:6,50.8844331465661525726318359375,4.7146537341177463531494140625,40.59999847412109375,141,71
2018-6-6,15:28:7,50.88441596366465091705322265625,4.71466806717216968536376953125,40.59999847412109375,141,71
2018-6-6,15:28:17,50.8844100125133991241455078125,4.714957661926746368408203125,40.40000152587890625,142,72
2018-6-6,15:28:27,50.88446022011339664459228515625,4.715254046022891998291015625,40.200000762939453125,142,72
2018-6-6,15:28:34,50.88452316820621490478515625,4.71557331271469593048095703125,40.200000762939453125,143,72
2018-6-6,15:28:40,50.88456398807466030120849609375,4.71586190164089202880859375,40.799999237060546875,144,72
2018-6-6,15:28:45,50.88455543853342533111572265625,4.7159872949123382568359375,41.799999237060546875,147,71
2018-6-6,15:28:50,50.8845474757254123687744140625,4.7161386720836162567138671875,42.200000762939453125,147,71
2018-6-6,15:28:57,50.88444982655346393585205078125,4.71632659435272216796875,42.799999237060546875,150,71
2018-6-6,15:29:2,50.884358882904052734375,4.7164447791874408721923828125,43.200000762939453125,151,70
2018-6-6,15:29:8,50.88427028618752956390380859375,4.71656539477407932281494140625,43.799999237060546875,151,70
2018-6-6,15:29:18,50.8841625787317752838134765625,4.7167356312274932861328125,44.59999847412109375,150,49
2018-6-6,15:29:19,50.88415168225765228271484375,4.716729260981082916259765625,44.59999847412109375,149,50
2018-6-6,15:29:20,50.88413936085999011993408203125,4.7167264111340045928955078125,44.799999237060546875,149,64
2018-6-6,15:29:22,50.8841096051037311553955078125,4.71668441779911518096923828125,44.799999237060546875,148,71
2018-6-6,15:29:30,50.88396786712110042572021484375,4.71644972451031208038330078125,45.200000762939453125,147,71
2018-6-6,15:29:38,50.88382168672978878021240234375,4.7162399254739284515380859375,45.40000152587890625,145,72
2018-6-6,15:29:44,50.88372529484331607818603515625,4.7161048091948032379150390625,46,145,72
2018-6-6,15:29:46,50.883685648441314697265625,4.71607823856174945831298828125,46,148,71
2018-6-6,15:29:55,50.88352228514850139617919921875,4.7161710262298583984375,46.799999237060546875,148,71
2018-6-6,15:29:57,50.88351205922663211822509765625,4.7162120975553989410400390625,47,148,71
2018-6-6,15:29:59,50.88349680416285991668701171875,4.71625526435673236846923828125,47,149,71
2018-6-6,15:30:7,50.88342270813882350921630859375,4.71652599982917308807373046875,47,149,72
2018-6-6,15:30:8,50.8834353648126125335693359375,4.71655265428125858306884765625,47.200000762939453125,149,71
2018-6-6,15:30:10,50.8834160864353179931640625,4.716564305126667022705078125,47.40000152587890625,149,70
2018-6-6,15:30:15,50.88330955244600772857666015625,4.716553576290607452392578125,47.59999847412109375,0,71
